1;ES 12-21;Backtest;BOUL2021;Long;1;1998,00;1998,50;07/01/2015 1:00;07/01/2015 10:00;Enter Down Trend;Exit Down Trend;19,52;19,52;6;0;250;230,48;19;1,32%
2;ES 12-21;Backtest;BOUL2021;Long;1;2033,75;2017,50;12/01/2015 1:00;12/01/2015 15:00;Enter Up Trend;Stop loss;-817,98;-798,46;6;812,5;725;1.542,98;29;1,32%
3;ES 12-21;Backtest;BOUL2021;Long;1;1974,00;1979,50;16/01/2015 1:00;16/01/2015 10:00;Enter Down Trend;Exit Down Trend;269,52;-528,94;6;187,5;737,5;467,98;19;1,32%
4;ES 12-21;Backtest;BOUL2021;Long;1;2030,50;2039,75;26/01/2015 1:00;26/01/2015 15:30;Enter Up Trend;Exit Up Trend;457,02;-71,92;6;50;812,5;355,48;30;1,32%
5;ES 12-21;Backtest;BOUL2021;Long;1;1995,50;1993,00;29/01/2015 1:00;29/01/2015 10:00;Enter Down Trend;Exit Down Trend;-130,48;-202,4;6;387,5;187,5;317,98;19;1,32%
6;ES 12-21;Backtest;BOUL2021;Long;1;1989,50;1991,00;02/02/2015 1:00;02/02/2015 10:00;Enter Down Trend;Exit Down Trend;69,52;-132,88;6;75;325;255,48;19;1,32%
7;ES 12-21;Backtest;BOUL2021;Long;1;2024,75;2049,00;05/02/2015 1:00;05/02/2015 15:30;Enter Up Trend;Exit Up Trend;1.207,02;1.074,14;6;200;1.375,00;167,98;30;1,32%
8;ES 12-21;Backtest;BOUL2021;Long;1;2045,00;2048,75;09/02/2015 1:00;09/02/2015 15:30;Enter Up Trend;Exit Up Trend;182,02;1.256,16;6;312,5;325;142,98;30;1,32%
9;ES 12-21;Backtest;BOUL2021;Long;1;2083,50;2090,00;17/02/2015 1:00;17/02/2015 15:30;Enter Up Trend;Exit Up Trend;319,52;1.575,68;6;137,5;475;155,48;30;1,32%
10;ES 12-21;Backtest;BOUL2021;Long;1;2093,75;2091,00;19/02/2015 1:00;19/02/2015 15:30;Enter Up Trend;Exit Up Trend;-142,98;1.432,70;6;325;287,5;430,48;30;1,32%
11;ES 12-21;Backtest;BOUL2021;Long;1;2107,50;2105,50;27/02/2015 1:00;27/02/2015 15:30;Enter Up Trend;Exit Up Trend;-105,48;1.327,22;6;212,5;100;205,48;30;1,32%
12;ES 12-21;Backtest;BOUL2021;Long;1;2103,25;2091,00;04/03/2015 1:00;04/03/2015 15:30;Enter Up Trend;Exit Up Trend;-617,98;709,24;6;750;50;667,98;30;1,32%
13;ES 12-21;Backtest;BOUL2021;Long;1;2096,25;2100,25;05/03/2015 1:00;05/03/2015 15:30;Enter Up Trend;Exit Up Trend;194,52;903,76;6;37,5;362,5;167,98;30;1,32%
14;ES 12-21;Backtest;BOUL2021;Long;1;2043,50;2049,25;11/03/2015;11/03/2015 10:00;Enter Down Trend;Exit Down Trend;282,02;1.185,78;6;12,5;312,5;30,48;21;1,32%
15;ES 12-21;Backtest;BOUL2021;Long;1;2032,50;2039,50;12/03/2015;12/03/2015 10:00;Enter Down Trend;Exit Down Trend;344,52;1.530,30;6;87,5;375;30,48;21;1,32%
16;ES 12-21;Backtest;BOUL2021;Long;1;2078,50;2094,50;20/03/2015;20/03/2015 15:30;Enter Up Trend;Exit Up Trend;794,52;2.324,82;6;37,5;950;155,48;32;1,32%
17;ES 12-21;Backtest;BOUL2021;Long;1;2085,50;2080,75;25/03/2015;25/03/2015 15:30;Enter Up Trend;Exit Up Trend;-242,98;2.081,84;6;337,5;187,5;430,48;32;1,32%
18;ES 12-21;Backtest;BOUL2021;Long;1;2055,00;2044,25;26/03/2015;26/03/2015 10:00;Enter Down Trend;Exit Down Trend;-542,98;1.538,86;6;712,5;50;592,98;21;1,32%
19;ES 12-21;Backtest;BOUL2021;Long;1;2050,00;2051,00;27/03/2015;27/03/2015 10:00;Enter Down Trend;Exit Down Trend;44,52;1.583,38;6;50;387,5;342,98;21;1,32%
20;ES 12-21;Backtest;BOUL2021;Long;1;2053,25;2057,00;01/04/2015 1:00;01/04/2015 10:00;Enter Down Trend;Exit Down Trend;182,02;1.765,40;6;987,5;200;17,98;19;1,32%
21;ES 12-21;Backtest;BOUL2021;Long;1;2053,25;2045,50;02/04/2015 1:00;02/04/2015 10:00;Enter Down Trend;Exit Down Trend;-392,98;1.372,42;6;462,5;0;392,98;19;1,32%
22;ES 12-21;Backtest;BOUL2021;Long;1;2045,00;2045,00;06/04/2015 1:00;06/04/2015 10:00;Enter Down Trend;Exit Down Trend;-5,48;1.366,94;6;87,5;137,5;142,98;19;1,32%
23;ES 12-21;Backtest;BOUL2021;Long;1;2067,50;2071,25;08/04/2015 1:00;08/04/2015 10:00;Enter Down Trend;Exit Down Trend;182,02;1.548,96;6;150;312,5;130,48;19;1,32%
24;ES 12-21;Backtest;BOUL2021;Long;1;2087,00;2080,50;14/04/2015 1:00;14/04/2015 15:30;Enter Up Trend;Exit Up Trend;-330,48;1.218,48;6;562,5;287,5;617,98;30;1,32%
25;ES 12-21;Backtest;BOUL2021;Long;1;2102,50;2099,00;28/04/2015 1:00;28/04/2015 15:30;Enter Up Trend;Exit Up Trend;-180,48;1.038,00;6;712,5;100;280,48;30;1,32%
26;ES 12-21;Backtest;BOUL2021;Long;1;2098,50;2081,75;12/05/2015 1:00;12/05/2015 9:30;Enter Up Trend;Stop loss;-842,98;195,02;6;837,5;125;967,98;18;1,32%
27;ES 12-21;Backtest;BOUL2021;Long;1;2122,50;2124,50;20/05/2015 1:00;20/05/2015 15:30;Enter Up Trend;Exit Up Trend;94,52;289,54;6;162,5;212,5;117,98;30;1,32%
28;ES 12-21;Backtest;BOUL2021;Long;1;2118,25;2126,75;21/05/2015 1:00;21/05/2015 15:30;Enter Up Trend;Exit Up Trend;419,52;709,06;6;87,5;487,5;67,98;30;1,32%
29;ES 12-21;Backtest;BOUL2021;Long;1;2124,50;2124,00;25/05/2015 1:00;25/05/2015 15:30;Enter Up Trend;Exit Up Trend;-30,48;678,58;6;300;125;155,48;30;1,32%
30;ES 12-21;Backtest;BOUL2021;Long;1;2120,50;2103,50;26/05/2015 1:00;26/05/2015 15:00;Enter Up Trend;Stop loss;-855,48;-176,9;6;850;200;1.055,48;29;1,32%
31;ES 12-21;Backtest;BOUL2021;Long;1;2107,75;2107,25;01/06/2015 1:00;01/06/2015 15:30;Enter Up Trend;Exit Up Trend;-30,48;-207,38;6;375;400;430,48;30;1,32%
32;ES 12-21;Backtest;BOUL2021;Long;1;2099,00;2098,50;05/06/2015 1:00;05/06/2015 10:00;Enter Down Trend;Exit Down Trend;-30,48;-237,86;6;125;187,5;217,98;19;1,32%
33;ES 12-21;Backtest;BOUL2021;Long;1;2090,75;2091,50;08/06/2015 1:00;08/06/2015 10:00;Enter Down Trend;Exit Down Trend;32,02;-205,84;6;212,5;125;92,98;19;1,32%
34;ES 12-21;Backtest;BOUL2021;Long;1;2077,50;2078,25;15/06/2015 1:00;15/06/2015 10:00;Enter Down Trend;Exit Down Trend;32,02;-173,82;6;162,5;200;167,98;19;1,32%
35;ES 12-21;Backtest;BOUL2021;Long;1;2074,00;2065,00;16/06/2015 1:00;16/06/2015 10:00;Enter Down Trend;Exit Down Trend;-455,48;-629,3;6;600;12,5;467,98;19;1,32%
36;ES 12-21;Backtest;BOUL2021;Long;1;2106,75;2119,50;22/06/2015 1:00;22/06/2015 15:30;Enter Up Trend;Exit Up Trend;632,02;2,72;6;37,5;687,5;55,48;30;1,32%
37;ES 12-21;Backtest;BOUL2021;Long;1;2094,25;2094,25;26/06/2015 1:00;26/06/2015 10:00;Enter Down Trend;Exit Down Trend;-5,48;-2,76;6;187,5;50;55,48;19;1,32%
38;ES 12-21;Backtest;BOUL2021;Long;1;2062,25;2073,50;29/06/2015 1:00;29/06/2015 10:00;Enter Down Trend;Exit Down Trend;557,02;554,26;6;37,5;837,5;280,48;19;1,32%
39;ES 12-21;Backtest;BOUL2021;Long;1;2067,25;2068,25;03/07/2015 1:00;03/07/2015 10:00;Enter Down Trend;Exit Down Trend;44,52;598,78;6;87,5;225;180,48;19;1,32%
40;ES 12-21;Backtest;BOUL2021;Long;1;2045,00;2055,75;06/07/2015 1:00;06/07/2015 10:00;Enter Down Trend;Exit Down Trend;532,02;1.130,80;6;237,5;612,5;80,48;19;1,32%
41;ES 12-21;Backtest;BOUL2021;Long;1;2107,25;2109,50;22/07/2015 1:00;22/07/2015 15:30;Enter Up Trend;Exit Up Trend;107,02;1.237,82;6;250;237,5;130,48;30;1,32%
42;ES 12-21;Backtest;BOUL2021;Long;1;2099,25;2094,00;03/08/2015 1:00;03/08/2015 15:30;Enter Up Trend;Exit Up Trend;-267,98;969,84;6;487,5;162,5;430,48;30;1,32%
43;ES 12-21;Backtest;BOUL2021;Long;1;2087,50;2091,75;04/08/2015 1:00;04/08/2015 10:00;Enter Down Trend;Exit Down Trend;207,02;1.176,86;6;125;300;92,98;19;1,32%
44;ES 12-21;Backtest;BOUL2021;Long;1;2083,50;2088,75;05/08/2015 1:00;05/08/2015 10:00;Enter Down Trend;Exit Down Trend;257,02;1.433,88;6;0;300;42,98;19;1,32%
45;ES 12-21;Backtest;BOUL2021;Long;1;2079,00;2076,75;14/08/2015 1:00;14/08/2015 10:00;Enter Down Trend;Exit Down Trend;-117,98;1.315,90;6;175;312,5;430,48;19;1,32%
46;ES 12-21;Backtest;BOUL2021;Long;1;2075,75;2055,00;20/08/2015 1:00;20/08/2015 10:00;Enter Down Trend;Exit Down Trend;-1.042,98;272,92;6;1.112,50;100;1.142,98;19;1,32%
47;ES 12-21;Backtest;BOUL2021;Long;1;2028,00;2027,50;21/08/2015 1:00;21/08/2015 10:00;Enter Down Trend;Exit Down Trend;-30,48;242,44;6;962,5;50;80,48;19;1,32%
48;ES 12-21;Backtest;BOUL2021;Long;1;1957,25;1935,75;24/08/2015 1:00;24/08/2015 3:00;Enter Down Trend;Stop loss;-1.080,48;-838,04;6;1.075,00;262,5;1.342,98;5;1,32%
49;ES 12-21;Backtest;BOUL2021;Long;1;1863,25;1900,50;26/08/2015 1:00;26/08/2015 10:00;Enter Down Trend;Exit Down Trend;1.857,02;1.018,98;6;125;2.287,50;430,48;19;1,32%
50;ES 12-21;Backtest;BOUL2021;Long;1;1965,00;1972,00;31/08/2015 1:00;31/08/2015 10:00;Enter Down Trend;Exit Down Trend;344,52;1.363,50;6;187,5;612,5;267,98;19;1,32%
51;ES 12-21;Backtest;BOUL2021;Long;1;1944,75;1923,25;01/09/2015 1:00;01/09/2015 8:30;Enter Down Trend;Stop loss;-1.080,48;283,02;6;1.075,00;112,5;1.192,98;16;1,32%
52;ES 12-21;Backtest;BOUL2021;Long;1;1938,75;1931,00;04/09/2015 1:00;04/09/2015 10:00;Enter Down Trend;Exit Down Trend;-392,98;-109,96;6;650;362,5;755,48;19;1,32%
53;ES 12-21;Backtest;BOUL2021;Long;1;1928,25;1944,00;10/09/2015 1:00;10/09/2015 10:00;Enter Down Trend;Exit Down Trend;782,02;672,06;6;125;950;167,98;19;1,32%
54;ES 12-21;Backtest;BOUL2021;Long;1;1973,50;1978,50;18/09/2015 1:00;18/09/2015 10:00;Enter Down Trend;Exit Down Trend;244,52;916,58;6;37,5;475;230,48;19;1,32%
55;ES 12-21;Backtest;BOUL2021;Long;1;1944,25;1955,25;21/09/2015 1:00;21/09/2015 10:00;Enter Down Trend;Exit Down Trend;544,52;1.461,10;6;287,5;587,5;42,98;19;1,32%
56;ES 12-21;Backtest;BOUL2021;Long;1;1929,25;1934,00;23/09/2015 1:00;23/09/2015 10:00;Enter Down Trend;Exit Down Trend;232,02;1.693,12;6;937,5;487,5;255,48;19;1,32%
57;ES 12-21;Backtest;BOUL2021;Long;1;1925,00;1946,75;25/09/2015 1:00;25/09/2015 10:00;Enter Down Trend;Exit Down Trend;1.082,02;2.775,14;6;350;1.300,00;217,98;19;1,32%
58;ES 12-21;Backtest;BOUL2021;Long;1;1908,25;1911,25;28/09/2015 1:00;28/09/2015 10:00;Enter Down Trend;Exit Down Trend;144,52;2.919,66;6;62,5;1.075,00;930,48;19;1,32%
59;ES 12-21;Backtest;BOUL2021;Long;1;1872,50;1878,75;29/09/2015 1:00;29/09/2015 10:00;Enter Down Trend;Exit Down Trend;307,02;3.226,68;6;575;675;367,98;19;1,32%
60;ES 12-21;Backtest;BOUL2021;Long;1;1963,75;1981,00;07/10/2015 1:00;07/10/2015 10:00;Enter Down Trend;Exit Down Trend;857,02;4.083,70;6;75;1.087,50;230,48;19;1,32%
61;ES 12-21;Backtest;BOUL2021;Long;1;1992,75;1988,75;14/10/2015 1:00;14/10/2015 15:30;Enter Up Trend;Exit Up Trend;-205,48;3.878,22;6;312,5;450;655,48;30;1,32%
62;ES 12-21;Backtest;BOUL2021;Long;1;2022,75;2024,25;21/10/2015 1:00;21/10/2015 15:30;Enter Up Trend;Exit Up Trend;69,52;3.947,74;6;212,5;575;505,48;30;1,32%
63;ES 12-21;Backtest;BOUL2021;Long;1;2012,75;2038,75;22/10/2015 1:00;22/10/2015 15:30;Enter Up Trend;Exit Up Trend;1.294,52;5.242,26;6;12,5;1.312,50;17,98;30;1,32%
64;ES 12-21;Backtest;BOUL2021;Long;1;2068,25;2083,25;02/11/2015 1:00;02/11/2015 15:30;Enter Up Trend;Exit Up Trend;744,52;5.986,78;6;200;787,5;42,98;30;1,32%
65;ES 12-21;Backtest;BOUL2021;Long;1;2093,75;2102,00;05/11/2015 1:00;05/11/2015 15:30;Enter Up Trend;Exit Up Trend;407,02;6.393,80;6;112,5;550;142,98;30;1,32%
66;ES 12-21;Backtest;BOUL2021;Long;1;2068,75;2057,75;12/11/2015 1:00;12/11/2015 15:30;Enter Up Trend;Exit Up Trend;-555,48;5.838,32;6;750;437,5;992,98;30;1,32%
67;ES 12-21;Backtest;BOUL2021;Long;1;2043,25;2033,50;13/11/2015 1:00;13/11/2015 15:30;Enter Up Trend;Exit Up Trend;-492,98;5.345,34;6;587,5;137,5;630,48;30;1,32%
68;ES 12-21;Backtest;BOUL2021;Long;1;2006,75;2022,00;16/11/2015 1:00;16/11/2015 10:00;Enter Down Trend;Exit Down Trend;757,02;6.102,36;6;50;900;142,98;19;1,32%
69;ES 12-21;Backtest;BOUL2021;Long;1;2076,25;2092,50;20/11/2015 1:00;20/11/2015 15:30;Enter Up Trend;Exit Up Trend;807,02;6.909,38;6;0;862,5;55,48;30;1,32%
70;ES 12-21;Backtest;BOUL2021;Long;1;2085,25;2084,75;30/11/2015 1:00;30/11/2015 15:30;Enter Up Trend;Exit Up Trend;-30,48;6.878,90;6;150;487,5;517,98;30;1,32%
71;ES 12-21;Backtest;BOUL2021;Long;1;2063,50;2054,75;09/12/2015 1:00;09/12/2015 10:00;Enter Down Trend;Exit Down Trend;-442,98;6.435,92;6;562,5;250;692,98;19;1,32%
72;ES 12-21;Backtest;BOUL2021;Long;1;2040,75;2044,25;10/12/2015 1:00;10/12/2015 10:00;Enter Down Trend;Exit Down Trend;169,52;6.605,44;6;137,5;300;130,48;19;1,32%
73;ES 12-21;Backtest;BOUL2021;Long;1;2004,25;2014,25;14/12/2015 1:00;14/12/2015 10:00;Enter Down Trend;Exit Down Trend;494,52;7.099,96;6;87,5;762,5;267,98;19;1,32%
74;ES 12-21;Backtest;BOUL2021;Long;1;2026,00;2017,75;18/12/2015 1:00;18/12/2015 10:00;Enter Down Trend;Exit Down Trend;-417,98;6.681,98;6;700;175;592,98;19;1,32%
75;ES 12-21;Backtest;BOUL2021;Long;1;1997,25;2009,25;21/12/2015 1:00;21/12/2015 10:00;Enter Down Trend;Exit Down Trend;594,52;7.276,50;6;100;762,5;167,98;19;1,32%
76;ES 12-21;Backtest;BOUL2021;Long;1;2057,00;2056,50;31/12/2015 1:00;31/12/2015 10:00;Enter Down Trend;Exit Down Trend;-30,48;7.246,02;6;150;37,5;67,98;19;1,32%
77;ES 12-21;Backtest;BOUL2021;Long;1;1988,75;1966,75;07/01/2016 1:00;07/01/2016 2:00;Enter Down Trend;Stop loss;-1.105,48;-1.105,48;6;1.100,00;62,5;1.167,98;3;1,59%
78;ES 12-21;Backtest;BOUL2021;Long;1;1937,25;1956,00;08/01/2016 1:00;08/01/2016 10:00;Enter Down Trend;Exit Down Trend;932,02;-173,46;6;175;1.162,50;230,48;19;1,59%
79;ES 12-21;Backtest;BOUL2021;Long;1;1896,00;1921,50;11/01/2016 1:00;11/01/2016 10:00;Enter Down Trend;Exit Down Trend;1.269,52;1.096,06;6;50;1.625,00;355,48;19;1,59%
80;ES 12-21;Backtest;BOUL2021;Long;1;1883,50;1883,50;14/01/2016 1:00;14/01/2016 10:00;Enter Down Trend;Exit Down Trend;-5,48;1.090,58;6;450;712,5;717,98;19;1,59%
81;ES 12-21;Backtest;BOUL2021;Long;1;1867,25;1857,25;26/01/2016 1:00;26/01/2016 10:00;Enter Down Trend;Exit Down Trend;-505,48;585,1;6;800;275;780,48;19;1,59%
82;ES 12-21;Backtest;BOUL2021;Long;1;1870,00;1888,25;28/01/2016 1:00;28/01/2016 10:00;Enter Down Trend;Exit Down Trend;907,02;1.492,12;6;62,5;1.287,50;380,48;19;1,59%
83;ES 12-21;Backtest;BOUL2021;Long;1;1923,75;1908,25;02/02/2016 1:00;02/02/2016 15:00;Enter Up Trend;Stop loss;-780,48;711,64;6;775;187,5;967,98;29;1,59%
84;ES 12-21;Backtest;BOUL2021;Long;1;1893,00;1904,75;03/02/2016 1:00;03/02/2016 10:00;Enter Down Trend;Exit Down Trend;582,02;1.293,66;6;375;787,5;205,48;19;1,59%
85;ES 12-21;Backtest;BOUL2021;Long;1;1841,50;1821,25;11/02/2016 1:00;11/02/2016 9:00;Enter Down Trend;Stop loss;-1.017,98;275,68;6;1.012,50;37,5;1.055,48;17;1,59%
86;ES 12-21;Backtest;BOUL2021;Long;1;1916,50;1901,25;19/02/2016 1:00;19/02/2016 15:00;Enter Up Trend;Stop loss;-767,98;-492,3;6;762,5;312,5;1.080,48;29;1,59%
87;ES 12-21;Backtest;BOUL2021;Long;1;1912,50;1939,25;22/02/2016 1:00;22/02/2016 15:30;Enter Up Trend;Exit Up Trend;1.332,02;839,72;6;112,5;1.400,00;67,98;30;1,59%
88;ES 12-21;Backtest;BOUL2021;Long;1;1914,00;1898,75;24/02/2016 1:00;24/02/2016 12:30;Enter Up Trend;Stop loss;-767,98;71,74;6;762,5;312,5;1.080,48;24;1,59%
89;ES 12-21;Backtest;BOUL2021;Long;1;1945,75;1930,25;29/02/2016 1:00;29/02/2016 6:30;Enter Up Trend;Stop loss;-780,48;-708,74;6;775;62,5;842,98;12;1,59%
90;ES 12-21;Backtest;BOUL2021;Long;1;1929,75;1944,00;01/03/2016 1:00;01/03/2016 15:30;Enter Up Trend;Exit Up Trend;707,02;-1,72;6;450;900;192,98;30;1,59%
91;ES 12-21;Backtest;BOUL2021;Long;1;1982,25;1985,75;09/03/2016 1:00;09/03/2016 15:30;Enter Up Trend;Exit Up Trend;169,52;167,8;6;112,5;587,5;417,98;30;1,59%
92;ES 12-21;Backtest;BOUL2021;Long;1;2028,00;2017,75;24/03/2016;24/03/2016 15:30;Enter Up Trend;Exit Up Trend;-517,98;-350,18;6;787,5;37,5;555,48;32;1,59%
93;ES 12-21;Backtest;BOUL2021;Long;1;2052,00;2040,00;05/04/2016 1:00;05/04/2016 15:30;Enter Up Trend;Exit Up Trend;-605,48;-955,66;6;762,5;25;630,48;30;1,59%
94;ES 12-21;Backtest;BOUL2021;Long;1;2033,50;2048,25;08/04/2016 1:00;08/04/2016 15:30;Enter Up Trend;Exit Up Trend;732,02;-223,64;6;75;1.037,50;305,48;30;1,59%
95;ES 12-21;Backtest;BOUL2021;Long;1;2034,75;2045,75;12/04/2016 1:00;12/04/2016 15:30;Enter Up Trend;Exit Up Trend;544,52;320,88;6;112,5;587,5;42,98;30;1,59%
96;ES 12-21;Backtest;BOUL2021;Long;1;2062,50;2082,00;18/04/2016 1:00;18/04/2016 15:30;Enter Up Trend;Exit Up Trend;969,52;1.290,40;6;200;1.087,50;117,98;30;1,59%
97;ES 12-21;Backtest;BOUL2021;Long;1;2083,00;2076,25;22/04/2016 1:00;22/04/2016 15:30;Enter Up Trend;Exit Up Trend;-342,98;947,42;6;400;300;642,98;30;1,59%
98;ES 12-21;Backtest;BOUL2021;Long;1;2043,75;2041,75;06/05/2016 1:00;06/05/2016 10:00;Enter Down Trend;Exit Down Trend;-105,48;841,94;6;300;125;230,48;19;1,59%
99;ES 12-21;Backtest;BOUL2021;Long;1;2051,25;2071,75;10/05/2016 1:00;10/05/2016 15:30;Enter Up Trend;Exit Up Trend;1.019,52;1.861,46;6;12,5;1.075,00;55,48;30;1,59%
100;ES 12-21;Backtest;BOUL2021;Long;1;2060,25;2058,25;12/05/2016 1:00;12/05/2016 15:30;Enter Up Trend;Exit Up Trend;-105,48;1.755,98;6;200;625;730,48;30;1,59%
101;ES 12-21;Backtest;BOUL2021;Long;1;2046,50;2051,25;24/05/2016 1:00;24/05/2016 10:00;Enter Down Trend;Exit Down Trend;232,02;1.988,00;6;262,5;250;17,98;19;1,59%
102;ES 12-21;Backtest;BOUL2021;Long;1;2095,00;2108,00;06/06/2016 1:00;06/06/2016 15:30;Enter Up Trend;Exit Up Trend;644,52;2.632,52;6;12,5;675;30,48;30;1,59%
103;ES 12-21;Backtest;BOUL2021;Long;1;2103,75;2087,00;10/06/2016 1:00;10/06/2016 14:00;Enter Up Trend;Stop loss;-842,98;1.789,54;6;837,5;50;892,98;27;1,59%
104;ES 12-21;Backtest;BOUL2021;Long;1;2082,25;2085,25;13/06/2016 1:00;13/06/2016 15:30;Enter Up Trend;Exit Up Trend;144,52;1.934,06;6;262,5;350;205,48;30;1,59%
105;ES 12-21;Backtest;BOUL2021;Long;1;2068,75;2062,00;14/06/2016 1:00;14/06/2016 10:00;Enter Down Trend;Exit Down Trend;-342,98;1.591,08;6;425;150;492,98;19;1,59%
106;ES 12-21;Backtest;BOUL2021;Long;1;2005,25;2012,00;27/06/2016 1:00;27/06/2016 10:00;Enter Down Trend;Exit Down Trend;332,02;1.923,10;6;125;862,5;530,48;19;1,59%
107;ES 12-21;Backtest;BOUL2021;Long;1;2077,25;2076,50;06/07/2016 1:00;06/07/2016 15:30;Enter Up Trend;Exit Up Trend;-42,98;1.880,12;6;575;425;467,98;30;1,59%
108;ES 12-21;Backtest;BOUL2021;Long;1;2160,50;2155,00;26/07/2016 1:00;26/07/2016 15:30;Enter Up Trend;Exit Up Trend;-280,48;1.599,64;6;275;375;655,48;30;1,59%
109;ES 12-21;Backtest;BOUL2021;Long;1;2162,75;2154,50;28/07/2016 1:00;28/07/2016 15:30;Enter Up Trend;Exit Up Trend;-417,98;1.181,66;6;462,5;287,5;705,48;30;1,59%
110;ES 12-21;Backtest;BOUL2021;Long;1;2171,25;2181,25;11/08/2016 1:00;11/08/2016 15:30;Enter Up Trend;Exit Up Trend;494,52;1.676,18;6;25;575;80,48;30;1,59%
111;ES 12-21;Backtest;BOUL2021;Long;1;2179,25;2169,50;17/08/2016 1:00;17/08/2016 15:30;Enter Up Trend;Exit Up Trend;-492,98;1.183,20;6;537,5;87,5;580,48;30;1,59%
112;ES 12-21;Backtest;BOUL2021;Long;1;2180,50;2181,25;22/08/2016 1:00;22/08/2016 15:30;Enter Up Trend;Exit Up Trend;32,02;1.215,22;6;350;200;167,98;30;1,59%
113;ES 12-21;Backtest;BOUL2021;Long;1;2173,25;2173,50;25/08/2016 1:00;25/08/2016 15:30;Enter Up Trend;Exit Up Trend;7,02;1.222,24;6;275;150;142,98;30;1,59%
114;ES 12-21;Backtest;BOUL2021;Long;1;2174,00;2166,00;31/08/2016 1:00;31/08/2016 15:30;Enter Up Trend;Exit Up Trend;-405,48;816,76;6;412,5;100;505,48;30;1,59%
115;ES 12-21;Backtest;BOUL2021;Long;1;2169,75;2158,00;01/09/2016 1:00;01/09/2016 15:30;Enter Up Trend;Exit Up Trend;-592,98;223,78;6;675;375;967,98;30;1,59%
116;ES 12-21;Backtest;BOUL2021;Long;1;2166,00;2178,50;02/09/2016 1:00;02/09/2016 15:30;Enter Up Trend;Exit Up Trend;619,52;843,3;6;87,5;887,5;267,98;30;1,59%
117;ES 12-21;Backtest;BOUL2021;Long;1;2177,75;2173,75;08/09/2016 1:00;08/09/2016 15:30;Enter Up Trend;Exit Up Trend;-205,48;637,82;6;425;250;455,48;30;1,59%
118;ES 12-21;Backtest;BOUL2021;Long;1;2171,25;2154,00;09/09/2016 1:00;09/09/2016 14:00;Enter Up Trend;Stop loss;-867,98;-230,16;6;862,5;25;892,98;27;1,59%
119;ES 12-21;Backtest;BOUL2021;Long;1;2113,75;2104,75;12/09/2016 1:00;12/09/2016 10:00;Enter Down Trend;Exit Down Trend;-455,48;-685,64;6;675;12,5;467,98;19;1,59%
120;ES 12-21;Backtest;BOUL2021;Long;1;2159,25;2147,00;26/09/2016 1:00;26/09/2016 10:00;Enter Down Trend;Exit Down Trend;-617,98;-1.303,62;6;750;12,5;630,48;19;1,59%
121;ES 12-21;Backtest;BOUL2021;Long;1;2134,75;2142,00;27/09/2016 1:00;27/09/2016 10:00;Enter Down Trend;Exit Down Trend;357,02;-946,6;6;25;962,5;605,48;19;1,59%
122;ES 12-21;Backtest;BOUL2021;Long;1;2144,00;2144,25;30/09/2016 1:00;30/09/2016 10:00;Enter Down Trend;Exit Down Trend;7,02;-939,58;6;412,5;87,5;80,48;19;1,59%
123;ES 12-21;Backtest;BOUL2021;Long;1;2142,50;2144,50;05/10/2016 1:00;05/10/2016 10:00;Enter Down Trend;Exit Down Trend;94,52;-845,06;6;75;237,5;142,98;19;1,59%
124;ES 12-21;Backtest;BOUL2021;Long;1;2129,50;2118,75;13/10/2016 1:00;13/10/2016 10:00;Enter Down Trend;Exit Down Trend;-542,98;-1.388,04;6;800;50;592,98;19;1,59%
125;ES 12-21;Backtest;BOUL2021;Long;1;2123,50;2132,75;14/10/2016 1:00;14/10/2016 10:00;Enter Down Trend;Exit Down Trend;457,02;-931,02;6;62,5;500;42,98;19;1,59%
126;ES 12-21;Backtest;BOUL2021;Long;1;2135,25;2130,00;21/10/2016 1:00;21/10/2016 10:00;Enter Down Trend;Exit Down Trend;-267,98;-1.199,00;6;325;50;317,98;19;1,59%
127;ES 12-21;Backtest;BOUL2021;Long;1;2132,25;2128,00;26/10/2016 1:00;26/10/2016 10:00;Enter Down Trend;Exit Down Trend;-217,98;-1.416,98;6;300;150;367,98;19;1,59%
128;ES 12-21;Backtest;BOUL2021;Long;1;2128,25;2124,75;28/10/2016 1:00;28/10/2016 10:00;Enter Down Trend;Exit Down Trend;-180,48;-1.597,46;6;612,5;25;205,48;19;1,59%
129;ES 12-21;Backtest;BOUL2021;Long;1;2088,75;2090,50;03/11/2016;03/11/2016 10:00;Enter Down Trend;Exit Down Trend;82,02;-1.515,44;6;237,5;300;217,98;21;1,59%
130;ES 12-21;Backtest;BOUL2021;Long;1;2084,00;2082,25;04/11/2016;04/11/2016 10:00;Enter Down Trend;Exit Down Trend;-92,98;-1.608,42;6;125;137,5;230,48;21;1,59%
131;ES 12-21;Backtest;BOUL2021;Long;1;2159,50;2164,50;15/11/2016 1:00;15/11/2016 15:30;Enter Up Trend;Exit Up Trend;244,52;-1.363,90;6;0;512,5;267,98;30;1,59%
132;ES 12-21;Backtest;BOUL2021;Long;1;2173,00;2181,00;17/11/2016 1:00;17/11/2016 15:30;Enter Up Trend;Exit Up Trend;394,52;-969,38;6;62,5;425;30,48;30;1,59%
133;ES 12-21;Backtest;BOUL2021;Long;1;2199,50;2197,75;29/11/2016 1:00;29/11/2016 15:30;Enter Up Trend;Exit Up Trend;-92,98;-1.062,36;6;162,5;325;417,98;30;1,59%
134;ES 12-21;Backtest;BOUL2021;Long;1;2198,00;2197,75;01/12/2016 1:00;01/12/2016 15:30;Enter Up Trend;Exit Up Trend;-17,98;-1.080,34;6;187,5;250;267,98;30;1,59%
135;ES 12-21;Backtest;BOUL2021;Long;1;2183,25;2205,75;05/12/2016 1:00;05/12/2016 15:30;Enter Up Trend;Exit Up Trend;1.119,52;39,18;6;62,5;1.150,00;30,48;30;1,59%
136;ES 12-21;Backtest;BOUL2021;Long;1;2250,50;2265,00;13/12/2016 1:00;13/12/2016 15:30;Enter Up Trend;Exit Up Trend;719,52;758,7;6;50;862,5;142,98;30;1,59%
137;ES 12-21;Backtest;BOUL2021;Long;1;2253,25;2260,75;15/12/2016 1:00;15/12/2016 15:30;Enter Up Trend;Exit Up Trend;369,52;1.128,22;6;300;412,5;42,98;30;1,59%
138;ES 12-21;Backtest;BOUL2021;Long;1;2258,50;2256,25;22/12/2016 1:00;22/12/2016 15:30;Enter Up Trend;Exit Up Trend;-117,98;1.010,24;6;225;125;242,98;30;1,59%
139;ES 12-21;Backtest;BOUL2021;Long;1;2246,00;2246,50;29/12/2016 1:00;29/12/2016 15:30;Enter Up Trend;Exit Up Trend;19,52;1.029,76;6;187,5;200;180,48;30;1,59%
139;ES 12-21;Backtest;BOUL2021;Long;1;2262,50;2262,00;10/01/2017 1:00;10/01/2017 15:30;Enter Up Trend;Exit Up Trend;-30,48;-30,48;6;150;200;230,48;30;
139;ES 12-21;Backtest;BOUL2021;Long;1;2266,00;2261,00;17/01/2017 1:00;17/01/2017 15:30;Enter Up Trend;Exit Up Trend;-255,48;-285,96;6;425;75;330,48;30;
139;ES 12-21;Backtest;BOUL2021;Long;1;2259,50;2262,00;23/01/2017 1:00;23/01/2017 10:00;Enter Down Trend;Exit Down Trend;119,52;-166,44;6;75;125;5,48;19;
139;ES 12-21;Backtest;BOUL2021;Long;1;2283,25;2272,25;30/01/2017 1:00;30/01/2017 15:30;Enter Up Trend;Exit Up Trend;-555,48;-721,92;6;687,5;125;680,48;30;
139;ES 12-21;Backtest;BOUL2021;Long;1;2271,00;2272,50;02/02/2017 1:00;02/02/2017 15:30;Enter Up Trend;Exit Up Trend;69,52;-652,4;6;325;87,5;17,98;30;
139;ES 12-21;Backtest;BOUL2021;Long;1;2380,00;2377,75;03/03/2017 1:00;03/03/2017 15:30;Enter Up Trend;Exit Up Trend;-117,98;-770,38;6;312,5;100;217,98;30;
139;ES 12-21;Backtest;BOUL2021;Long;1;2371,75;2372,75;06/03/2017 1:00;06/03/2017 15:30;Enter Up Trend;Exit Up Trend;44,52;-725,86;6;162,5;225;180,48;30;
139;ES 12-21;Backtest;BOUL2021;Long;1;2363,25;2370,75;08/03/2017 1:00;08/03/2017 15:30;Enter Up Trend;Exit Up Trend;369,52;-356,34;6;187,5;487,5;117,98;30;
139;ES 12-21;Backtest;BOUL2021;Long;1;2370,00;2373,75;21/03/2017;21/03/2017 15:30;Enter Up Trend;Exit Up Trend;182,02;-174,32;6;100;437,5;255,48;32;
139;ES 12-21;Backtest;BOUL2021;Long;1;2339,25;2335,00;22/03/2017;22/03/2017 15:30;Enter Up Trend;Exit Up Trend;-217,98;-392,3;6;350;137,5;355,48;32;
139;ES 12-21;Backtest;BOUL2021;Long;1;2330,75;2326,25;27/03/2017 1:00;27/03/2017 10:00;Enter Down Trend;Exit Down Trend;-230,48;-622,78;6;650;0;230,48;19;
139;ES 12-21;Backtest;BOUL2021;Long;1;2357,25;2347,75;03/04/2017 1:00;03/04/2017 15:30;Enter Up Trend;Exit Up Trend;-480,48;-1.103,26;6;487,5;300;780,48;30;
139;ES 12-21;Backtest;BOUL2021;Long;1;2351,75;2349,75;04/04/2017 1:00;04/04/2017 15:30;Enter Up Trend;Exit Up Trend;-105,48;-1.208,74;6;350;137,5;242,98;30;
139;ES 12-21;Backtest;BOUL2021;Long;1;2341,75;2345,75;06/04/2017 1:00;06/04/2017 10:00;Enter Down Trend;Exit Down Trend;194,52;-1.014,22;6;187,5;250;55,48;19;
139;ES 12-21;Backtest;BOUL2021;Long;1;2340,50;2335,25;13/04/2017 1:00;13/04/2017 10:00;Enter Down Trend;Exit Down Trend;-267,98;-1.282,20;6;300;175;442,98;19;
139;ES 12-21;Backtest;BOUL2021;Long;1;2326,00;2324,50;17/04/2017 1:00;17/04/2017 10:00;Enter Down Trend;Exit Down Trend;-80,48;-1.362,68;6;162,5;25;105,48;19;
139;ES 12-21;Backtest;BOUL2021;Long;1;2394,25;2397,75;09/05/2017 1:00;09/05/2017 15:30;Enter Up Trend;Exit Up Trend;169,52;-1.193,16;6;62,5;287,5;117,98;30;
139;ES 12-21;Backtest;BOUL2021;Long;1;2387,75;2392,00;10/05/2017 1:00;10/05/2017 15:30;Enter Up Trend;Exit Up Trend;207,02;-986,14;6;12,5;275;67,98;30;
139;ES 12-21;Backtest;BOUL2021;Long;1;2389,75;2385,50;12/05/2017 1:00;12/05/2017 15:30;Enter Up Trend;Exit Up Trend;-217,98;-1.204,12;6;275;87,5;305,48;30;
139;ES 12-21;Backtest;BOUL2021;Long;1;2383,25;2367,75;17/05/2017 1:00;17/05/2017 15:30;Enter Up Trend;Exit Up Trend;-780,48;-1.984,60;6;825;275;1.055,48;30;
139;ES 12-21;Backtest;BOUL2021;Long;1;2362,50;2352,50;18/05/2017 1:00;18/05/2017 10:00;Enter Down Trend;Exit Down Trend;-505,48;-2.490,08;6;550;225;730,48;19;
139;ES 12-21;Backtest;BOUL2021;Long;1;2411,00;2409,50;31/05/2017 1:00;31/05/2017 15:30;Enter Up Trend;Exit Up Trend;-80,48;-2.570,56;6;412,5;287,5;367,98;30;
139;ES 12-21;Backtest;BOUL2021;Long;1;2434,00;2436,25;21/06/2017 1:00;21/06/2017 15:30;Enter Up Trend;Exit Up Trend;107,02;-2.463,54;6;262,5;300;192,98;30;
139;ES 12-21;Backtest;BOUL2021;Long;1;2431,25;2435,25;22/06/2017 1:00;22/06/2017 15:30;Enter Up Trend;Exit Up Trend;194,52;-2.269,02;6;162,5;250;55,48;30;
139;ES 12-21;Backtest;BOUL2021;Long;1;2423,25;2426,75;05/07/2017 1:00;05/07/2017 15:30;Enter Up Trend;Exit Up Trend;169,52;-2.099,50;6;200;325;155,48;30;
139;ES 12-21;Backtest;BOUL2021;Long;1;2466,00;2465,25;24/07/2017 1:00;24/07/2017 15:30;Enter Up Trend;Exit Up Trend;-42,98;-2.142,48;6;125;200;242,98;30;
139;ES 12-21;Backtest;BOUL2021;Long;1;2467,50;2464,00;28/07/2017 1:00;28/07/2017 15:30;Enter Up Trend;Exit Up Trend;-180,48;-2.322,96;6;300;75;255,48;30;
139;ES 12-21;Backtest;BOUL2021;Long;1;2471,00;2472,00;03/08/2017 1:00;03/08/2017 15:30;Enter Up Trend;Exit Up Trend;44,52;-2.278,44;6;162,5;175;130,48;30;
139;ES 12-21;Backtest;BOUL2021;Long;1;2468,75;2473,00;04/08/2017 1:00;04/08/2017 15:30;Enter Up Trend;Exit Up Trend;207,02;-2.071,42;6;0;450;242,98;30;
139;ES 12-21;Backtest;BOUL2021;Long;1;2466,50;2467,50;09/08/2017 1:00;09/08/2017 15:30;Enter Up Trend;Exit Up Trend;44,52;-2.026,90;6;375;125;80,48;30;
139;ES 12-21;Backtest;BOUL2021;Long;1;2436,25;2432,50;11/08/2017 1:00;11/08/2017 10:00;Enter Down Trend;Exit Down Trend;-192,98;-2.219,88;6;275;87,5;280,48;19;
139;ES 12-21;Backtest;BOUL2021;Long;1;2463,50;2472,00;16/08/2017 1:00;16/08/2017 15:30;Enter Up Trend;Exit Up Trend;419,52;-1.800,36;6;87,5;462,5;42,98;30;
139;ES 12-21;Backtest;BOUL2021;Long;1;2428,00;2428,00;18/08/2017 1:00;18/08/2017 10:00;Enter Down Trend;Exit Down Trend;-5,48;-1.805,84;6;187,5;300;305,48;19;
139;ES 12-21;Backtest;BOUL2021;Long;1;2437,75;2443,50;24/08/2017 1:00;24/08/2017 10:00;Enter Down Trend;Exit Down Trend;282,02;-1.523,82;6;12,5;337,5;55,48;19;
139;ES 12-21;Backtest;BOUL2021;Long;1;2439,75;2440,00;28/08/2017 1:00;28/08/2017 10:00;Enter Down Trend;Exit Down Trend;7,02;-1.516,80;6;175;87,5;80,48;19;
139;ES 12-21;Backtest;BOUL2021;Long;1;2430,50;2425,00;29/08/2017 1:00;29/08/2017 10:00;Enter Down Trend;Exit Down Trend;-280,48;-1.797,28;6;475;150;430,48;19;
139;ES 12-21;Backtest;BOUL2021;Long;1;2465,25;2468,00;04/09/2017 1:00;04/09/2017 15:30;Enter Up Trend;Exit Up Trend;132,02;-1.665,26;6;162,5;187,5;55,48;30;
139;ES 12-21;Backtest;BOUL2021;Long;1;2456,75;2463,25;06/09/2017 1:00;06/09/2017 15:30;Enter Up Trend;Exit Up Trend;319,52;-1.345,74;6;12,5;512,5;192,98;30;
139;ES 12-21;Backtest;BOUL2021;Long;1;2489,00;2495,50;15/09/2017 1:00;15/09/2017 15:30;Enter Up Trend;Exit Up Trend;319,52;-1.026,22;6;25;387,5;67,98;30;
139;ES 12-21;Backtest;BOUL2021;Long;1;2498,00;2495,75;22/09/2017 1:00;22/09/2017 15:30;Enter Up Trend;Exit Up Trend;-117,98;-1.144,20;6;300;62,5;180,48;30;
139;ES 12-21;Backtest;BOUL2021;Long;1;2547,00;2554,25;13/10/2017 1:00;13/10/2017 15:30;Enter Up Trend;Exit Up Trend;357,02;-787,18;6;0;425;67,98;30;
139;ES 12-21;Backtest;BOUL2021;Long;1;2564,75;2566,75;24/10/2017 1:00;24/10/2017 15:30;Enter Up Trend;Exit Up Trend;94,52;-692,66;6;112,5;225;130,48;30;
139;ES 12-21;Backtest;BOUL2021;Long;1;2568,25;2572,25;31/10/2017;31/10/2017 15:30;Enter Up Trend;Exit Up Trend;194,52;-498,14;6;75;275;80,48;32;
139;ES 12-21;Backtest;BOUL2021;Long;1;2582,50;2582,75;08/11/2017 1:00;08/11/2017 15:30;Enter Up Trend;Exit Up Trend;7,02;-491,12;6;125;250;242,98;30;
139;ES 12-21;Backtest;BOUL2021;Long;1;2580,75;2571,75;14/11/2017 1:00;14/11/2017 15:30;Enter Up Trend;Exit Up Trend;-455,48;-946,6;6;475;75;530,48;30;
139;ES 12-21;Backtest;BOUL2021;Long;1;2572,50;2558,25;15/11/2017 1:00;15/11/2017 15:30;Enter Up Trend;Exit Up Trend;-717,98;-1.664,58;6;850;0;717,98;30;
139;ES 12-21;Backtest;BOUL2021;Long;1;2566,00;2575,25;16/11/2017 1:00;16/11/2017 15:30;Enter Up Trend;Exit Up Trend;457,02;-1.207,56;6;25;587,5;130,48;30;
139;ES 12-21;Backtest;BOUL2021;Long;1;2576,75;2580,00;20/11/2017 1:00;20/11/2017 15:30;Enter Up Trend;Exit Up Trend;157,02;-1.050,54;6;450;187,5;30,48;30;
139;ES 12-21;Backtest;BOUL2021;Long;1;2593,75;2596,75;23/11/2017 1:00;23/11/2017 15:30;Enter Up Trend;Exit Up Trend;144,52;-906,02;6;212,5;212,5;67,98;30;
139;ES 12-21;Backtest;BOUL2021;Long;1;2599,25;2605,75;28/11/2017 1:00;28/11/2017 15:30;Enter Up Trend;Exit Up Trend;319,52;-586,5;6;87,5;425;105,48;30;
139;ES 12-21;Backtest;BOUL2021;Long;1;2639,75;2639,00;05/12/2017 1:00;05/12/2017 15:30;Enter Up Trend;Exit Up Trend;-42,98;-629,48;6;225;250;292,98;30;
139;ES 12-21;Backtest;BOUL2021;Long;1;2630,75;2629,50;06/12/2017 1:00;06/12/2017 15:30;Enter Up Trend;Exit Up Trend;-67,98;-697,46;6;537,5;37,5;105,48;30;
139;ES 12-21;Backtest;BOUL2021;Long;1;2654,50;2666,75;15/12/2017 1:00;15/12/2017 15:30;Enter Up Trend;Exit Up Trend;607,02;-90,44;6;37,5;725;117,98;30;
139;ES 12-21;Backtest;BOUL2021;Long;1;2683,75;2685,75;21/12/2017 1:00;21/12/2017 15:30;Enter Up Trend;Exit Up Trend;94,52;4,08;6;150;337,5;242,98;30;
139;ES 12-21;Backtest;BOUL2021;Long;1;2792,50;2807,50;16/01/2018 1:00;16/01/2018 15:30;Enter Up Trend;Exit Up Trend;744,52;744,52;6;25;800;55,48;30;
139;ES 12-21;Backtest;BOUL2021;Long;1;2798,00;2805,75;19/01/2018 1:00;19/01/2018 15:30;Enter Up Trend;Exit Up Trend;382,02;1.126,54;6;312,5;512,5;130,48;30;
139;ES 12-21;Backtest;BOUL2021;Long;1;2855,75;2830,00;30/01/2018 1:00;30/01/2018 14:30;Enter Up Trend;Stop loss;-1.292,98;-166,44;6;1.287,50;50;1.342,98;28;
139;ES 12-21;Backtest;BOUL2021;Long;1;2827,00;2834,75;31/01/2018 1:00;31/01/2018 15:30;Enter Up Trend;Exit Up Trend;382,02;215,58;6;162,5;637,5;255,48;30;
139;ES 12-21;Backtest;BOUL2021;Long;1;2826,25;2800,75;02/02/2018 1:00;02/02/2018 10:30;Enter Up Trend;Stop loss;-1.280,48;-1.064,90;6;1.275,00;50;1.330,48;20;
139;ES 12-21;Backtest;BOUL2021;Long;1;2745,50;2752,50;05/02/2018 1:00;05/02/2018 10:00;Enter Down Trend;Exit Down Trend;344,52;-720,38;6;350;475;130,48;19;
139;ES 12-21;Backtest;BOUL2021;Long;1;2630,00;2601,00;06/02/2018 1:00;06/02/2018 1:30;Enter Down Trend;Stop loss;-1.455,48;-2.175,86;6;1.450,00;75;1.530,48;2;
139;ES 12-21;Backtest;BOUL2021;Long;1;2659,50;2674,75;08/02/2018 1:00;08/02/2018 10:00;Enter Down Trend;Exit Down Trend;757,02;-1.418,84;6;300;987,5;230,48;19;
139;ES 12-21;Backtest;BOUL2021;Long;1;2600,00;2607,50;09/02/2018 1:00;09/02/2018 10:00;Enter Down Trend;Exit Down Trend;369,52;-1.049,32;6;750;850;480,48;19;
139;ES 12-21;Backtest;BOUL2021;Long;1;2718,50;2711,75;21/02/2018 1:00;21/02/2018 10:00;Enter Down Trend;Exit Down Trend;-342,98;-1.392,30;6;612,5;150;492,98;19;
139;ES 12-21;Backtest;BOUL2021;Long;1;2695,00;2692,00;22/02/2018 1:00;22/02/2018 10:00;Enter Down Trend;Exit Down Trend;-155,48;-1.547,78;6;650;87,5;242,98;19;
139;ES 12-21;Backtest;BOUL2021;Long;1;2753,00;2761,50;28/02/2018 1:00;28/02/2018 15:30;Enter Up Trend;Exit Up Trend;419,52;-1.128,26;6;725;437,5;17,98;30;
139;ES 12-21;Backtest;BOUL2021;Long;1;2718,50;2716,25;01/03/2018 1:00;01/03/2018 10:00;Enter Down Trend;Exit Down Trend;-117,98;-1.246,24;6;775;200;317,98;19;
139;ES 12-21;Backtest;BOUL2021;Long;1;2693,25;2702,75;07/03/2018 1:00;07/03/2018 10:00;Enter Down Trend;Exit Down Trend;469,52;-776,72;6;425;575;105,48;19;
139;ES 12-21;Backtest;BOUL2021;Long;1;2767,00;2770,25;14/03/2018;14/03/2018 15:30;Enter Up Trend;Exit Up Trend;157,02;-619,7;6;225;825;667,98;32;
139;ES 12-21;Backtest;BOUL2021;Long;1;2718,25;2696,50;22/03/2018;22/03/2018 10:00;Enter Down Trend;Exit Down Trend;-1.092,98;-1.712,68;6;1.125,00;400;1.492,98;21;
139;ES 12-21;Backtest;BOUL2021;Long;1;2633,25;2628,50;23/03/2018;23/03/2018 10:00;Enter Down Trend;Exit Down Trend;-242,98;-1.955,66;6;812,5;537,5;780,48;21;
139;ES 12-21;Backtest;BOUL2021;Long;1;2604,00;2627,00;26/03/2018 1:00;26/03/2018 10:00;Enter Down Trend;Exit Down Trend;1.144,52;-811,14;6;100;1.287,50;142,98;19;
139;ES 12-21;Backtest;BOUL2021;Long;1;2631,25;2643,25;06/04/2018 1:00;06/04/2018 10:00;Enter Down Trend;Exit Down Trend;594,52;-216,62;6;450;662,5;67,98;19;
139;ES 12-21;Backtest;BOUL2021;Long;1;2691,25;2686,25;20/04/2018 1:00;20/04/2018 10:00;Enter Down Trend;Exit Down Trend;-255,48;-472,1;6;425;300;555,48;19;
139;ES 12-21;Backtest;BOUL2021;Long;1;2627,75;2633,50;03/05/2018 1:00;03/05/2018 10:00;Enter Down Trend;Exit Down Trend;282,02;-190,08;6;175;425;142,98;19;
139;ES 12-21;Backtest;BOUL2021;Long;1;2728,75;2704,25;15/05/2018 1:00;15/05/2018 14:00;Enter Up Trend;Stop loss;-1.230,48;-1.420,56;6;1.225,00;112,5;1.342,98;27;
139;ES 12-21;Backtest;BOUL2021;Long;1;2709,00;2716,75;16/05/2018 1:00;16/05/2018 15:30;Enter Up Trend;Exit Up Trend;382,02;-1.038,54;6;225;550;167,98;30;
139;ES 12-21;Backtest;BOUL2021;Long;1;2722,25;2697,75;29/05/2018 1:00;29/05/2018 8:30;Enter Up Trend;Stop loss;-1.230,48;-2.269,02;6;1.225,00;0;1.230,48;16;
139;ES 12-21;Backtest;BOUL2021;Long;1;2688,75;2715,25;30/05/2018 1:00;30/05/2018 15:30;Enter Up Trend;Exit Up Trend;1.319,52;-949,5;6;150;1.325,00;5,48;30;
139;ES 12-21;Backtest;BOUL2021;Long;1;2774,50;2773,50;18/06/2018 1:00;18/06/2018 15:30;Enter Up Trend;Exit Up Trend;-55,48;-1.004,98;6;662,5;50;105,48;30;
139;ES 12-21;Backtest;BOUL2021;Long;1;2764,50;2739,50;19/06/2018 1:00;19/06/2018 7:30;Enter Up Trend;Stop loss;-1.255,48;-2.260,46;6;1.250,00;162,5;1.417,98;14;
139;ES 12-21;Backtest;BOUL2021;Long;1;2749,50;2724,75;25/06/2018 1:00;25/06/2018 14:30;Enter Up Trend;Stop loss;-1.242,98;-3.503,44;6;1.237,50;12,5;1.255,48;28;
139;ES 12-21;Backtest;BOUL2021;Long;1;2714,50;2722,75;04/07/2018 1:00;04/07/2018 10:00;Enter Down Trend;Exit Down Trend;407,02;-3.096,42;6;112,5;475;67,98;19;
139;ES 12-21;Backtest;BOUL2021;Long;1;2775,00;2784,50;11/07/2018 1:00;11/07/2018 15:30;Enter Up Trend;Exit Up Trend;469,52;-2.626,90;6;462,5;637,5;167,98;30;
139;ES 12-21;Backtest;BOUL2021;Long;1;2797,75;2803,75;17/07/2018 1:00;17/07/2018 15:30;Enter Up Trend;Exit Up Trend;294,52;-2.332,38;6;400;350;55,48;30;
139;ES 12-21;Backtest;BOUL2021;Long;1;2800,75;2800,50;23/07/2018 1:00;23/07/2018 15:30;Enter Up Trend;Exit Up Trend;-17,98;-2.350,36;6;412,5;137,5;155,48;30;
139;ES 12-21;Backtest;BOUL2021;Long;1;2811,50;2810,75;30/07/2018 1:00;30/07/2018 15:30;Enter Up Trend;Exit Up Trend;-42,98;-2.393,34;6;250;512,5;555,48;30;
139;ES 12-21;Backtest;BOUL2021;Long;1;2853,75;2860,50;09/08/2018 1:00;09/08/2018 15:30;Enter Up Trend;Exit Up Trend;332,02;-2.061,32;6;50;450;117,98;30;
139;ES 12-21;Backtest;BOUL2021;Long;1;2850,25;2839,25;10/08/2018 1:00;10/08/2018 15:30;Enter Up Trend;Exit Up Trend;-555,48;-2.616,80;6;912,5;75;630,48;30;
139;ES 12-21;Backtest;BOUL2021;Long;1;2819,25;2840,75;16/08/2018 1:00;16/08/2018 15:30;Enter Up Trend;Exit Up Trend;1.069,52;-1.547,28;6;37,5;1.162,50;92,98;30;
139;ES 12-21;Backtest;BOUL2021;Long;1;2848,25;2864,50;22/08/2018 1:00;22/08/2018 15:30;Enter Up Trend;Exit Up Trend;807,02;-740,26;6;12,5;887,5;80,48;30;
139;ES 12-21;Backtest;BOUL2021;Long;1;2857,50;2872,50;24/08/2018 1:00;24/08/2018 15:30;Enter Up Trend;Exit Up Trend;744,52;4,26;6;37,5;862,5;117,98;30;
139;ES 12-21;Backtest;BOUL2021;Long;1;2899,25;2904,00;31/08/2018 1:00;31/08/2018 15:30;Enter Up Trend;Exit Up Trend;232,02;236,28;6;212,5;412,5;180,48;30;
139;ES 12-21;Backtest;BOUL2021;Long;1;2896,25;2885,00;05/09/2018 1:00;05/09/2018 15:30;Enter Up Trend;Exit Up Trend;-567,98;-331,7;6;937,5;212,5;780,48;30;
139;ES 12-21;Backtest;BOUL2021;Long;1;2887,25;2875,25;06/09/2018 1:00;06/09/2018 15:30;Enter Up Trend;Exit Up Trend;-605,48;-937,18;6;787,5;287,5;892,98;30;
139;ES 12-21;Backtest;BOUL2021;Long;1;2873,00;2881,25;07/09/2018 1:00;07/09/2018 15:30;Enter Up Trend;Exit Up Trend;407,02;-530,16;6;400;475;67,98;30;
139;ES 12-21;Backtest;BOUL2021;Long;1;2904,75;2900,00;17/09/2018 1:00;17/09/2018 15:30;Enter Up Trend;Exit Up Trend;-242,98;-773,14;6;275;325;567,98;30;
139;ES 12-21;Backtest;BOUL2021;Long;1;2887,25;2910,00;18/09/2018 1:00;18/09/2018 15:30;Enter Up Trend;Exit Up Trend;1.132,02;358,88;6;87,5;1.150,00;17,98;30;
139;ES 12-21;Backtest;BOUL2021;Long;1;2927,00;2922,25;24/09/2018 1:00;24/09/2018 15:30;Enter Up Trend;Exit Up Trend;-242,98;115,9;6;462,5;162,5;405,48;30;
139;ES 12-21;Backtest;BOUL2021;Long;1;2926,75;2938,75;03/10/2018 1:00;03/10/2018 15:30;Enter Up Trend;Exit Up Trend;594,52;710,42;6;50;900;305,48;30;
139;ES 12-21;Backtest;BOUL2021;Long;1;2921,75;2908,25;04/10/2018 1:00;04/10/2018 15:30;Enter Up Trend;Exit Up Trend;-680,48;29,94;6;812,5;112,5;792,98;30;
139;ES 12-21;Backtest;BOUL2021;Long;1;2772,75;2757,25;11/10/2018 1:00;11/10/2018 10:00;Enter Down Trend;Exit Down Trend;-780,48;-750,54;6;1.275,00;437,5;1.217,98;19;
139;ES 12-21;Backtest;BOUL2021;Long;1;2807,25;2808,25;18/10/2018 1:00;18/10/2018 10:00;Enter Down Trend;Exit Down Trend;44,52;-706,02;6;350;275;230,48;19;
139;ES 12-21;Backtest;BOUL2021;Long;1;2772,25;2776,50;19/10/2018 1:00;19/10/2018 10:00;Enter Down Trend;Exit Down Trend;207,02;-499;6;37,5;662,5;455,48;19;
139;ES 12-21;Backtest;BOUL2021;Long;1;2754,00;2773,25;22/10/2018 1:00;22/10/2018 10:00;Enter Down Trend;Exit Down Trend;957,02;458,02;6;200;1.262,50;305,48;19;
139;ES 12-21;Backtest;BOUL2021;Long;1;2741,50;2716,00;23/10/2018 1:00;23/10/2018 10:00;Enter Down Trend;Exit Down Trend;-1.280,48;-822,46;6;1.325,00;237,5;1.517,98;19;
139;ES 12-21;Backtest;BOUL2021;Long;1;2642,50;2644,00;30/10/2018;30/10/2018 10:00;Enter Down Trend;Exit Down Trend;69,52;-752,94;6;225;1.087,50;1.017,98;21;
139;ES 12-21;Backtest;BOUL2021;Long;1;2717,00;2716,75;05/11/2018 1:00;05/11/2018 10:00;Enter Down Trend;Exit Down Trend;-17,98;-770,92;6;212,5;137,5;155,48;19;
139;ES 12-21;Backtest;BOUL2021;Long;1;2725,50;2741,00;13/11/2018 1:00;13/11/2018 10:00;Enter Down Trend;Exit Down Trend;769,52;-1,4;6;325;1.237,50;467,98;19;
139;ES 12-21;Backtest;BOUL2021;Long;1;2699,00;2702,50;15/11/2018 1:00;15/11/2018 10:00;Enter Down Trend;Exit Down Trend;169,52;168,12;6;500;887,5;717,98;19;
139;ES 12-21;Backtest;BOUL2021;Long;1;2693,00;2677,00;20/11/2018 1:00;20/11/2018 10:00;Enter Down Trend;Exit Down Trend;-805,48;-637,36;6;975;62,5;867,98;19;
139;ES 12-21;Backtest;BOUL2021;Long;1;2643,00;2656,25;21/11/2018 1:00;21/11/2018 10:00;Enter Down Trend;Exit Down Trend;657,02;19,66;6;187,5;825;167,98;19;
139;ES 12-21;Backtest;BOUL2021;Long;1;2636,50;2665,25;26/11/2018 1:00;26/11/2018 10:00;Enter Down Trend;Exit Down Trend;1.432,02;1.451,68;6;37,5;1.462,50;30,48;19;
139;ES 12-21;Backtest;BOUL2021;Long;1;2709,50;2714,25;05/12/2018 1:00;05/12/2018 10:00;Enter Down Trend;Exit Down Trend;232,02;1.683,70;6;125;412,5;180,48;19;
139;ES 12-21;Backtest;BOUL2021;Long;1;2684,25;2667,50;06/12/2018 1:00;06/12/2018 10:00;Enter Down Trend;Exit Down Trend;-842,98;840,72;6;1.162,50;37,5;880,48;19;
139;ES 12-21;Backtest;BOUL2021;Long;1;2612,00;2623,75;10/12/2018 1:00;10/12/2018 10:00;Enter Down Trend;Exit Down Trend;582,02;1.422,74;6;75;975;392,98;19;
139;ES 12-21;Backtest;BOUL2021;Long;1;2558,50;2558,50;18/12/2018 1:00;18/12/2018 10:00;Enter Down Trend;Exit Down Trend;-5,48;1.417,26;6;312,5;525;530,48;19;
139;ES 12-21;Backtest;BOUL2021;Long;1;2539,00;2554,00;19/12/2018 1:00;19/12/2018 10:00;Enter Down Trend;Exit Down Trend;744,52;2.161,78;6;0;862,5;117,98;19;
139;ES 12-21;Backtest;BOUL2021;Long;1;2412,75;2423,75;24/12/2018 1:00;24/12/2018 10:00;Enter Down Trend;Exit Down Trend;544,52;2.706,30;6;187,5;1.087,50;542,98;19;
139;ES 12-21;Backtest;BOUL2021;Long;1;2343,50;2350,25;26/12/2018 1:00;26/12/2018 10:00;Enter Down Trend;Exit Down Trend;332,02;3.038,32;6;925;462,5;130,48;19;
139;ES 12-21;Backtest;BOUL2021;Long;1;2440,25;2480,00;04/01/2019 1:00;04/01/2019 10:00;Enter Down Trend;Exit Down Trend;1.982,02;1.982,02;6;62,5;2.025,00;42,98;19;
139;ES 12-21;Backtest;BOUL2021;Long;1;2584,50;2578,25;14/01/2019 1:00;14/01/2019 15:30;Enter Up Trend;Exit Up Trend;-317,98;1.664,04;6;862,5;50;367,98;30;
139;ES 12-21;Backtest;BOUL2021;Long;1;2633,25;2646,50;29/01/2019 1:00;29/01/2019 15:30;Enter Up Trend;Exit Up Trend;657,02;2.321,06;6;237,5;800;142,98;30;
139;ES 12-21;Backtest;BOUL2021;Long;1;2727,50;2708,50;07/02/2019 1:00;07/02/2019 15:00;Enter Up Trend;Stop loss;-955,48;1.365,58;6;950;50;1.005,48;29;
139;ES 12-21;Backtest;BOUL2021;Long;1;2739,75;2767,25;15/02/2019 1:00;15/02/2019 15:30;Enter Up Trend;Exit Up Trend;1.369,52;2.735,10;6;537,5;1.575,00;205,48;30;
139;ES 12-21;Backtest;BOUL2021;Long;1;2793,25;2793,50;26/02/2019 1:00;26/02/2019 15:30;Enter Up Trend;Exit Up Trend;7,02;2.742,12;6;500;87,5;80,48;30;
139;ES 12-21;Backtest;BOUL2021;Long;1;2790,25;2787,50;27/02/2019 1:00;27/02/2019 15:30;Enter Up Trend;Exit Up Trend;-142,98;2.599,14;6;487,5;150;292,98;25;
139;ES 12-21;Backtest;BOUL2021;Long;1;2786,75;2807,25;01/03/2019 1:00;01/03/2019 15:30;Enter Up Trend;Exit Up Trend;1.019,52;3.618,66;6;12,5;1.075,00;55,48;30;
139;ES 12-21;Backtest;BOUL2021;Long;1;2789,25;2787,75;05/03/2019 1:00;05/03/2019 15:30;Enter Up Trend;Exit Up Trend;-80,48;3.538,18;6;300;487,5;567,98;30;
139;ES 12-21;Backtest;BOUL2021;Long;1;2783,50;2780,25;06/03/2019 1:00;06/03/2019 15:30;Enter Up Trend;Exit Up Trend;-167,98;3.370,20;6;400;462,5;630,48;30;
139;ES 12-21;Backtest;BOUL2021;Long;1;2749,50;2730,25;08/03/2019 1:00;08/03/2019 13:00;Enter Up Trend;Stop loss;-967,98;2.402,22;6;962,5;300;1.267,98;25;
139;ES 12-21;Backtest;BOUL2021;Long;1;2795,25;2816,00;13/03/2019;13/03/2019 15:30;Enter Up Trend;Exit Up Trend;1.032,02;3.434,24;6;350;1.087,50;55,48;32;
139;ES 12-21;Backtest;BOUL2021;Long;1;2813,50;2820,75;15/03/2019;15/03/2019 15:30;Enter Up Trend;Exit Up Trend;357,02;3.791,26;6;50;650;292,98;32;
139;ES 12-21;Backtest;BOUL2021;Long;1;2834,50;2830,75;20/03/2019;20/03/2019 15:30;Enter Up Trend;Exit Up Trend;-192,98;3.598,28;6;462,5;400;592,98;32;
139;ES 12-21;Backtest;BOUL2021;Long;1;2828,00;2845,00;21/03/2019;21/03/2019 15:30;Enter Up Trend;Exit Up Trend;844,52;4.442,80;6;712,5;850;5,48;32;
139;ES 12-21;Backtest;BOUL2021;Long;1;2804,25;2816,25;28/03/2019;28/03/2019 15:30;Enter Up Trend;Exit Up Trend;594,52;5.037,32;6;462,5;1.000,00;405,48;32;
139;ES 12-21;Backtest;BOUL2021;Long;1;2867,25;2884,75;03/04/2019 1:00;03/04/2019 15:30;Enter Up Trend;Exit Up Trend;869,52;5.906,84;6;0;950;80,48;30;
139;ES 12-21;Backtest;BOUL2021;Long;1;2883,50;2887,00;10/04/2019 1:00;10/04/2019 15:30;Enter Up Trend;Exit Up Trend;169,52;6.076,36;6;275;387,5;217,98;30;
139;ES 12-21;Backtest;BOUL2021;Long;1;2892,25;2905,75;12/04/2019 1:00;12/04/2019 15:30;Enter Up Trend;Exit Up Trend;669,52;6.745,88;6;12,5;1.125,00;455,48;30;
139;ES 12-21;Backtest;BOUL2021;Long;1;2900,25;2901,50;18/04/2019 1:00;18/04/2019 15:30;Enter Up Trend;Exit Up Trend;57,02;6.802,90;6;537,5;575;517,98;30;
139;ES 12-21;Backtest;BOUL2021;Long;1;2919,75;2927,75;26/04/2019 1:00;26/04/2019 15:30;Enter Up Trend;Exit Up Trend;394,52;7.197,42;6;125;650;255,48;30;
139;ES 12-21;Backtest;BOUL2021;Long;1;2922,25;2922,25;02/05/2019 1:00;02/05/2019 15:30;Enter Up Trend;Exit Up Trend;-5,48;7.191,94;6;150;525;530,48;30;
139;ES 12-21;Backtest;BOUL2021;Long;1;2896,50;2920,00;06/05/2019 1:00;06/05/2019 15:30;Enter Up Trend;Exit Up Trend;1.169,52;8.361,46;6;650;1.250,00;80,48;30;
139;ES 12-21;Backtest;BOUL2021;Long;1;2880,50;2860,25;09/05/2019 1:00;09/05/2019 8:00;Enter Up Trend;Stop loss;-1.017,98;7.343,48;6;1.012,50;75;1.092,98;15;
139;ES 12-21;Backtest;BOUL2021;Long;1;2858,75;2852,00;13/05/2019 1:00;13/05/2019 10:00;Enter Down Trend;Exit Down Trend;-342,98;7.000,50;6;725;125;467,98;19;
139;ES 12-21;Backtest;BOUL2021;Long;1;2806,00;2823,50;14/05/2019 1:00;14/05/2019 10:00;Enter Down Trend;Exit Down Trend;869,52;7.870,02;6;62,5;937,5;67,98;19;
139;ES 12-21;Backtest;BOUL2021;Long;1;2870,25;2858,50;20/05/2019 1:00;20/05/2019 10:00;Enter Down Trend;Exit Down Trend;-592,98;7.277,04;6;762,5;312,5;905,48;19;
139;ES 12-21;Backtest;BOUL2021;Long;1;2852,25;2830,75;23/05/2019 1:00;23/05/2019 10:00;Enter Down Trend;Exit Down Trend;-1.080,48;6.196,56;6;1.075,00;62,5;1.142,98;19;
139;ES 12-21;Backtest;BOUL2021;Long;1;2797,75;2783,75;29/05/2019 1:00;29/05/2019 10:00;Enter Down Trend;Exit Down Trend;-705,48;5.491,08;6;787,5;112,5;817,98;19;
139;ES 12-21;Backtest;BOUL2021;Long;1;2767,50;2758,00;31/05/2019 1:00;31/05/2019 10:00;Enter Down Trend;Exit Down Trend;-480,48;5.010,60;6;537,5;425;905,48;19;
139;ES 12-21;Backtest;BOUL2021;Long;1;2738,25;2743,25;03/06/2019 1:00;03/06/2019 10:00;Enter Down Trend;Exit Down Trend;244,52;5.255,12;6;350;312,5;67,98;19;
139;ES 12-21;Backtest;BOUL2021;Long;1;2966,50;2970,50;02/07/2019 1:00;02/07/2019 15:30;Enter Up Trend;Exit Up Trend;194,52;5.449,64;6;262,5;337,5;142,98;30;
139;ES 12-21;Backtest;BOUL2021;Long;1;2988,00;2978,25;08/07/2019 1:00;08/07/2019 15:30;Enter Up Trend;Exit Up Trend;-492,98;4.956,66;6;625;62,5;555,48;30;
139;ES 12-21;Backtest;BOUL2021;Long;1;2976,25;2975,50;09/07/2019 1:00;09/07/2019 15:30;Enter Up Trend;Exit Up Trend;-42,98;4.913,68;6;637,5;112,5;155,48;30;
139;ES 12-21;Backtest;BOUL2021;Long;1;3006,25;2996,50;17/07/2019 1:00;17/07/2019 15:30;Enter Up Trend;Exit Up Trend;-492,98;4.420,70;6;662,5;337,5;830,48;30;
139;ES 12-21;Backtest;BOUL2021;Long;1;2978,75;2987,50;18/07/2019 1:00;18/07/2019 15:30;Enter Up Trend;Exit Up Trend;432,02;4.852,72;6;212,5;562,5;130,48;30;
139;ES 12-21;Backtest;BOUL2021;Long;1;2978,25;2981,00;22/07/2019 1:00;22/07/2019 15:30;Enter Up Trend;Exit Up Trend;132,02;4.984,74;6;187,5;562,5;430,48;30;
139;ES 12-21;Backtest;BOUL2021;Long;1;2973,50;3007,75;01/08/2019 1:00;01/08/2019 15:30;Enter Up Trend;Exit Up Trend;1.707,02;6.691,76;6;37,5;1.750,00;42,98;30;
139;ES 12-21;Backtest;BOUL2021;Long;1;2947,50;2939,75;02/08/2019 1:00;02/08/2019 10:00;Enter Down Trend;Exit Down Trend;-392,98;6.298,78;6;700;150;542,98;19;
139;ES 12-21;Backtest;BOUL2021;Long;1;2928,25;2896,00;05/08/2019 1:00;05/08/2019 3:30;Enter Down Trend;Stop loss;-1.617,98;4.680,80;6;1.612,50;262,5;1.880,48;6;
139;ES 12-21;Backtest;BOUL2021;Long;1;2794,50;2858,25;06/08/2019 1:00;06/08/2019 10:00;Enter Down Trend;Exit Down Trend;3.182,02;7.862,82;6;250;3.250,00;67,98;19;
139;ES 12-21;Backtest;BOUL2021;Long;1;2916,75;2907,75;12/08/2019 1:00;12/08/2019 10:00;Enter Down Trend;Exit Down Trend;-455,48;7.407,34;6;625;712,5;1.167,98;19;
139;ES 12-21;Backtest;BOUL2021;Long;1;2903,00;2919,00;21/08/2019 1:00;21/08/2019 10:00;Enter Down Trend;Exit Down Trend;794,52;8.201,86;6;75;862,5;67,98;19;
139;ES 12-21;Backtest;BOUL2021;Long;1;2833,25;2876,25;26/08/2019 1:00;26/08/2019 10:00;Enter Down Trend;Exit Down Trend;2.144,52;10.346,38;6;587,5;2.375,00;230,48;19;
139;ES 12-21;Backtest;BOUL2021;Long;1;2910,50;2917,00;02/09/2019 1:00;02/09/2019 10:00;Enter Down Trend;Exit Down Trend;319,52;10.665,90;6;212,5;475;155,48;19;
139;ES 12-21;Backtest;BOUL2021;Long;1;2976,50;2988,25;11/09/2019 1:00;11/09/2019 15:30;Enter Up Trend;Exit Up Trend;582,02;11.247,92;6;225;600;17,98;30;
139;ES 12-21;Backtest;BOUL2021;Long;1;2985,50;2999,00;16/09/2019 1:00;16/09/2019 15:30;Enter Up Trend;Exit Up Trend;669,52;11.917,44;6;37,5;987,5;317,98;30;
139;ES 12-21;Backtest;BOUL2021;Long;1;2975,00;2985,75;27/09/2019 1:00;27/09/2019 15:30;Enter Up Trend;Exit Up Trend;532,02;12.449,46;6;175;900;367,98;30;
139;ES 12-21;Backtest;BOUL2021;Long;1;2886,50;2890,00;03/10/2019 1:00;03/10/2019 10:00;Enter Down Trend;Exit Down Trend;169,52;12.618,98;6;262,5;400;230,48;19;
139;ES 12-21;Backtest;BOUL2021;Long;1;2988,25;2998,25;17/10/2019 1:00;17/10/2019 15:30;Enter Up Trend;Exit Up Trend;494,52;13.113,50;6;150;987,5;492,98;30;
139;ES 12-21;Backtest;BOUL2021;Long;1;2986,50;2999,00;23/10/2019 1:00;23/10/2019 15:30;Enter Up Trend;Exit Up Trend;619,52;13.733,02;6;137,5;700;80,48;30;
139;ES 12-21;Backtest;BOUL2021;Long;1;3003,25;3017,75;25/10/2019 1:00;25/10/2019 15:30;Enter Up Trend;Exit Up Trend;719,52;14.452,54;6;162,5;750;30,48;30;
139;ES 12-21;Backtest;BOUL2021;Long;1;3070,50;3072,50;06/11/2019 1:00;06/11/2019 15:30;Enter Up Trend;Exit Up Trend;94,52;14.547,06;6;162,5;337,5;242,98;30;
139;ES 12-21;Backtest;BOUL2021;Long;1;3084,75;3096,25;12/11/2019 1:00;12/11/2019 15:30;Enter Up Trend;Exit Up Trend;569,52;15.116,58;6;175;587,5;17,98;30;
139;ES 12-21;Backtest;BOUL2021;Long;1;3114,75;3115,50;20/11/2019 1:00;20/11/2019 15:30;Enter Up Trend;Exit Up Trend;32,02;15.148,60;6;512,5;100;67,98;30;
139;ES 12-21;Backtest;BOUL2021;Long;1;3099,50;3102,50;21/11/2019 1:00;21/11/2019 15:30;Enter Up Trend;Exit Up Trend;144,52;15.293,12;6;412,5;750;605,48;30;
139;ES 12-21;Backtest;BOUL2021;Long;1;3114,00;3092,25;03/12/2019 1:00;03/12/2019 13:30;Enter Up Trend;Stop loss;-1.092,98;14.200,14;6;1.087,50;387,5;1.480,48;26;
139;ES 12-21;Backtest;BOUL2021;Long;1;3134,00;3132,50;10/12/2019 1:00;10/12/2019 15:30;Enter Up Trend;Exit Up Trend;-80,48;14.119,66;6;887,5;400;480,48;30;
139;ES 12-21;Backtest;BOUL2021;Long;1;3223,25;3210,00;06/01/2020 1:00;06/01/2020 10:00;Enter Down Trend;Exit Down Trend;-667,98;-667,98;6;725;337,5;1.005,48;19;
139;ES 12-21;Backtest;BOUL2021;Long;1;3188,50;3230,75;08/01/2020 1:00;08/01/2020 10:00;Enter Down Trend;Exit Down Trend;2.107,02;1.439,04;6;375;2.337,50;230,48;19;
139;ES 12-21;Backtest;BOUL2021;Long;1;3267,25;3275,25;13/01/2020 1:00;13/01/2020 15:30;Enter Up Trend;Exit Up Trend;394,52;1.833,56;6;25;550;155,48;30;
139;ES 12-21;Backtest;BOUL2021;Long;1;3282,25;3295,00;15/01/2020 1:00;15/01/2020 15:30;Enter Up Trend;Exit Up Trend;632,02;2.465,58;6;200;662,5;30,48;30;
139;ES 12-21;Backtest;BOUL2021;Long;1;3323,50;3320,25;21/01/2020 1:00;21/01/2020 15:30;Enter Up Trend;Exit Up Trend;-167,98;2.297,60;6;812,5;12,5;180,48;30;
139;ES 12-21;Backtest;BOUL2021;Long;1;3314,25;3309,75;23/01/2020 1:00;23/01/2020 15:30;Enter Up Trend;Exit Up Trend;-230,48;2.067,12;6;650;350;580,48;30;
139;ES 12-21;Backtest;BOUL2021;Long;1;3264,75;3254,00;27/01/2020 1:00;27/01/2020 10:00;Enter Down Trend;Exit Down Trend;-542,98;1.524,14;6;550;212,5;755,48;19;
139;ES 12-21;Backtest;BOUL2021;Long;1;3247,50;3246,00;28/01/2020 1:00;28/01/2020 10:00;Enter Down Trend;Exit Down Trend;-80,48;1.443,66;6;150;812,5;892,98;19;
139;ES 12-21;Backtest;BOUL2021;Long;1;3266,75;3256,25;30/01/2020 1:00;30/01/2020 10:00;Enter Down Trend;Exit Down Trend;-530,48;913,18;6;1.350,00;137,5;667,98;19;
139;ES 12-21;Backtest;BOUL2021;Long;1;3314,25;3332,25;10/02/2020 1:00;10/02/2020 15:30;Enter Up Trend;Exit Up Trend;894,52;1.807,70;6;75;1.012,50;117,98;30;
139;ES 12-21;Backtest;BOUL2021;Long;1;3374,75;3373,00;18/02/2020 1:00;18/02/2020 15:30;Enter Up Trend;Exit Up Trend;-92,98;1.714,72;6;675;37,5;130,48;30;
139;ES 12-21;Backtest;BOUL2021;Long;1;3362,00;3338,50;21/02/2020 1:00;21/02/2020 15:00;Enter Up Trend;Stop loss;-1.180,48;534,24;6;1.175,00;187,5;1.367,98;29;
139;ES 12-21;Backtest;BOUL2021;Long;1;3301,75;3265,50;24/02/2020 1:00;24/02/2020 9:00;Enter Down Trend;Stop loss;-1.817,98;-1.283,74;6;1.812,50;100;1.917,98;17;
139;ES 12-21;Backtest;BOUL2021;Long;1;3244,25;3236,75;25/02/2020 1:00;25/02/2020 10:00;Enter Down Trend;Exit Down Trend;-380,48;-1.664,22;6;500;762,5;1.142,98;19;
139;ES 12-21;Backtest;BOUL2021;Long;1;3098,75;3064,75;27/02/2020 1:00;27/02/2020 4:30;Enter Down Trend;Stop loss;-1.705,48;-3.369,70;6;1.700,00;437,5;2.142,98;8;
139;ES 12-21;Backtest;BOUL2021;Long;1;2958,00;2925,50;28/02/2020 1:00;28/02/2020 4:00;Enter Down Trend;Stop loss;-1.630,48;-5.000,18;6;1.625,00;1.125,00;2.755,48;7;
139;ES 12-21;Backtest;BOUL2021;Long;1;3010,50;2977,50;06/03/2020 1:00;06/03/2020 3:00;Enter Down Trend;Stop loss;-1.655,48;-6.655,66;6;1.650,00;162,5;1.817,98;5;
139;ES 12-21;Backtest;BOUL2021;Long;1;2442,75;2416,00;13/03/2020;13/03/2020 1:30;Enter Down Trend;Stop loss;-1.342,98;-7.998,64;6;1.337,50;487,5;1.830,48;4;
139;ES 12-21;Backtest;BOUL2021;Long;1;2432,75;2406,00;17/03/2020;17/03/2020 0:30;Enter Down Trend;Stop loss;-1.342,98;-9.341,62;6;1.337,50;487,5;1.830,48;2;
139;ES 12-21;Backtest;BOUL2021;Long;1;2341,75;2481,50;20/03/2020;20/03/2020 10:00;Enter Down Trend;Exit Down Trend;6.982,02;-2.359,60;6;275;7.712,50;730,48;21;
139;ES 12-21;Backtest;BOUL2021;Long;1;2495,25;2534,00;30/03/2020 1:00;30/03/2020 10:00;Enter Down Trend;Exit Down Trend;1.932,02;-427,58;6;687,5;3.612,50;1.680,48;19;
139;ES 12-21;Backtest;BOUL2021;Long;1;2537,00;2509,00;01/04/2020 1:00;01/04/2020 6:00;Enter Down Trend;Stop loss;-1.405,48;-1.833,06;6;1.400,00;512,5;1.917,98;11;
139;ES 12-21;Backtest;BOUL2021;Long;1;2632,50;2640,75;08/04/2020 1:00;08/04/2020 10:00;Enter Down Trend;Exit Down Trend;407,02;-1.426,04;6;587,5;2.400,00;1.992,98;19;
139;ES 12-21;Backtest;BOUL2021;Long;1;2744,75;2745,75;13/04/2020 1:00;13/04/2020 10:00;Enter Down Trend;Exit Down Trend;44,52;-1.381,52;6;737,5;462,5;417,98;19;
139;ES 12-21;Backtest;BOUL2021;Long;1;2755,00;2782,75;16/04/2020 1:00;16/04/2020 10:00;Enter Down Trend;Exit Down Trend;1.382,02;0,5;6;450;2.562,50;1.180,48;19;
139;ES 12-21;Backtest;BOUL2021;Long;1;2721,50;2774,00;22/04/2020 1:00;22/04/2020 10:00;Enter Down Trend;Exit Down Trend;2.619,52;2.620,02;6;25;2.775,00;155,48;19;
139;ES 12-21;Backtest;BOUL2021;Long;1;2762,75;2793,25;24/04/2020 1:00;24/04/2020 15:30;Enter Up Trend;Exit Up Trend;1.519,52;4.139,54;6;375;2.450,00;930,48;30;
139;ES 12-21;Backtest;BOUL2021;Long;1;2870,50;2850,50;01/05/2020 1:00;01/05/2020 6:30;Enter Up Trend;Stop loss;-1.005,48;3.134,06;6;1.000,00;462,5;1.467,98;12;
139;ES 12-21;Backtest;BOUL2021;Long;1;2779,25;2803,75;04/05/2020 1:00;04/05/2020 15:30;Enter Up Trend;Exit Up Trend;1.219,52;4.353,58;6;412,5;1.925,00;705,48;30;
139;ES 12-21;Backtest;BOUL2021;Long;1;2838,25;2873,00;07/05/2020 1:00;07/05/2020 15:30;Enter Up Trend;Exit Up Trend;1.732,02;6.085,60;6;62,5;2.425,00;692,98;30;
139;ES 12-21;Backtest;BOUL2021;Long;1;2906,50;2922,25;12/05/2020 1:00;12/05/2020 15:30;Enter Up Trend;Exit Up Trend;782,02;6.867,62;6;600;1.637,50;855,48;30;
139;ES 12-21;Backtest;BOUL2021;Long;1;2835,50;2844,50;13/05/2020 1:00;13/05/2020 15:30;Enter Up Trend;Exit Up Trend;444,52;7.312,14;6;137,5;2.062,50;1.617,98;30;
139;ES 12-21;Backtest;BOUL2021;Long;1;2808,50;2788,75;14/05/2020 1:00;14/05/2020 12:30;Enter Up Trend;Stop loss;-992,98;6.319,16;6;987,5;575;1.567,98;24;
139;ES 12-21;Backtest;BOUL2021;Long;1;3026,75;3005,50;29/05/2020 1:00;29/05/2020 15:00;Enter Up Trend;Stop loss;-1.067,98;5.251,18;6;1.062,50;425;1.492,98;29;
139;ES 12-21;Backtest;BOUL2021;Long;1;3165,25;3143,00;11/06/2020 1:00;11/06/2020 4:00;Enter Up Trend;Stop loss;-1.117,98;4.133,20;6;1.112,50;250;1.367,98;7;
139;ES 12-21;Backtest;BOUL2021;Long;1;2987,50;2966,50;15/06/2020 1:00;15/06/2020 5:30;Enter Up Trend;Stop loss;-1.055,48;3.077,72;6;1.050,00;237,5;1.292,98;10;
139;ES 12-21;Backtest;BOUL2021;Long;1;3084,50;3108,00;18/06/2020 1:00;18/06/2020 15:30;Enter Up Trend;Exit Up Trend;1.169,52;4.247,24;6;1.000,00;1.775,00;605,48;30;
139;ES 12-21;Backtest;BOUL2021;Long;1;3056,75;3080,50;22/06/2020 1:00;22/06/2020 15:30;Enter Up Trend;Exit Up Trend;1.182,02;5.429,26;6;250;2.000,00;817,98;30;
139;ES 12-21;Backtest;BOUL2021;Long;1;2996,75;3011,25;29/06/2020 1:00;29/06/2020 10:00;Enter Down Trend;Exit Down Trend;719,52;6.148,78;6;125;1.212,50;492,98;19;
139;ES 12-21;Backtest;BOUL2021;Long;1;3205,00;3209,25;17/07/2020 1:00;17/07/2020 15:30;Enter Up Trend;Exit Up Trend;207,02;6.355,80;6;500;712,5;505,48;30;
139;ES 12-21;Backtest;BOUL2021;Long;1;3361,75;3371,00;20/08/2020 1:00;20/08/2020 15:30;Enter Up Trend;Exit Up Trend;457,02;6.812,82;6;850;637,5;180,48;30;
139;ES 12-21;Backtest;BOUL2021;Long;1;3498,00;3505,75;01/09/2020 1:00;01/09/2020 15:30;Enter Up Trend;Exit Up Trend;382,02;7.194,84;6;312,5;912,5;530,48;30;
139;ES 12-21;Backtest;BOUL2021;Long;1;3442,25;3418,25;04/09/2020 1:00;04/09/2020 14:30;Enter Up Trend;Stop loss;-1.205,48;5.989,36;6;1.200,00;2.100,00;3.305,48;28;
139;ES 12-21;Backtest;BOUL2021;Long;1;3403,50;3432,00;07/09/2020 1:00;07/09/2020 15:30;Enter Up Trend;Exit Up Trend;1.419,52;7.408,88;6;562,5;1.487,50;67,98;30;
139;ES 12-21;Backtest;BOUL2021;Long;1;3326,50;3359,75;09/09/2020 1:00;09/09/2020 10:00;Enter Down Trend;Exit Down Trend;1.657,02;9.065,90;6;250;2.075,00;417,98;19;
139;ES 12-21;Backtest;BOUL2021;Long;1;3365,50;3342,00;17/09/2020 1:00;17/09/2020 3:30;Enter Up Trend;Stop loss;-1.180,48;7.885,42;6;1.175,00;400;1.580,48;6;
139;ES 12-21;Backtest;BOUL2021;Long;1;3345,25;3355,00;18/09/2020 1:00;18/09/2020 10:00;Enter Down Trend;Exit Down Trend;482,02;8.367,44;6;712,5;550;67,98;19;
139;ES 12-21;Backtest;BOUL2021;Long;1;3223,75;3225,00;24/09/2020 1:00;24/09/2020 10:00;Enter Down Trend;Exit Down Trend;57,02;8.424,46;6;687,5;775;717,98;19;
139;ES 12-21;Backtest;BOUL2021;Long;1;3347,75;3370,25;07/10/2020 1:00;07/10/2020 10:00;Enter Down Trend;Exit Down Trend;1.119,52;9.543,98;6;262,5;1.525,00;405,48;19;
139;ES 12-21;Backtest;BOUL2021;Long;1;3479,00;3454,75;15/10/2020 1:00;15/10/2020 8:30;Enter Up Trend;Stop loss;-1.217,98;8.326,00;6;1.212,50;200;1.417,98;16;
139;ES 12-21;Backtest;BOUL2021;Long;1;3479,75;3472,00;19/10/2020 1:00;19/10/2020 15:30;Enter Up Trend;Exit Up Trend;-392,98;7.933,02;6;787,5;837,5;1.230,48;30;
139;ES 12-21;Backtest;BOUL2021;Long;1;3411,25;3422,50;22/10/2020 1:00;22/10/2020 15:30;Enter Up Trend;Exit Up Trend;557,02;8.490,04;6;312,5;1.337,50;780,48;30;
139;ES 12-21;Backtest;BOUL2021;Long;1;3363,50;3340,50;28/10/2020;28/10/2020 10:00;Enter Down Trend;Exit Down Trend;-1.155,48;7.334,56;6;1.637,50;325;1.480,48;21;
139;ES 12-21;Backtest;BOUL2021;Long;1;3275,25;3295,50;29/10/2020;29/10/2020 10:00;Enter Down Trend;Exit Down Trend;1.007,02;8.341,58;6;50;1.775,00;767,98;21;
139;ES 12-21;Backtest;BOUL2021;Long;1;3276,75;3240,75;30/10/2020;30/10/2020 6:00;Enter Down Trend;Stop loss;-1.805,48;6.536,10;6;1.800,00;225;2.030,48;13;
139;ES 12-21;Backtest;BOUL2021;Long;1;3535,75;3553,75;11/11/2020 1:00;11/11/2020 15:30;Enter Up Trend;Exit Up Trend;894,52;7.430,62;6;237,5;1.925,00;1.030,48;30;
139;ES 12-21;Backtest;BOUL2021;Long;1;3599,00;3606,75;18/11/2020 1:00;18/11/2020 15:30;Enter Up Trend;Exit Up Trend;382,02;7.812,64;6;662,5;1.212,50;830,48;30;
139;ES 12-21;Backtest;BOUL2021;Long;1;3556,50;3561,25;19/11/2020 1:00;19/11/2020 15:30;Enter Up Trend;Exit Up Trend;232,02;8.044,66;6;712,5;862,5;630,48;30;
139;ES 12-21;Backtest;BOUL2021;Long;1;3557,25;3570,50;20/11/2020 1:00;20/11/2020 15:30;Enter Up Trend;Exit Up Trend;657,02;8.701,68;6;275;1.262,50;605,48;30;
139;ES 12-21;Backtest;BOUL2021;Long;1;3618,75;3637,50;27/11/2020 1:00;27/11/2020 15:30;Enter Up Trend;Exit Up Trend;932,02;9.633,70;6;300;1.162,50;230,48;30;
139;ES 12-21;Backtest;BOUL2021;Long;1;3680,00;3684,75;08/12/2020 1:00;08/12/2020 15:30;Enter Up Trend;Exit Up Trend;232,02;9.865,72;6;787,5;375;142,98;30;
139;ES 12-21;Backtest;BOUL2021;Long;1;3666,75;3641,00;10/12/2020 1:00;10/12/2020 15:00;Enter Up Trend;Stop loss;-1.292,98;8.572,74;6;1.287,50;325;1.617,98;29;
139;ES 12-21;Backtest;BOUL2021;Long;1;3647,25;3662,00;15/12/2020 1:00;15/12/2020 15:30;Enter Up Trend;Exit Up Trend;732,02;9.304,76;6;550;1.187,50;455,48;30;
139;ES 12-21;Backtest;BOUL2021;Long;1;3681,75;3683,75;22/12/2020 1:00;22/12/2020 15:30;Enter Up Trend;Exit Up Trend;94,52;9.399,28;6;900;662,5;567,98;30;
139;ES 12-21;Backtest;BOUL2021;Long;1;3673,25;3695,00;23/12/2020 1:00;23/12/2020 15:30;Enter Up Trend;Exit Up Trend;1.082,02;10.481,30;6;1.112,50;1.212,50;130,48;30;
139;ES 12-21;Backtest;BOUL2021;Long;1;3720,75;3733,25;30/12/2020 1:00;30/12/2020 15:30;Enter Up Trend;Exit Up Trend;619,52;11.100,82;6;137,5;875;255,48;30;
139;ES 12-21;Backtest;BOUL2021;Long;1;3797,50;3792,00;12/01/2021 1:00;12/01/2021 15:30;Enter Up Trend;Exit Up Trend;-280,48;-280,48;6;800;462,5;742,98;30;
139;ES 12-21;Backtest;BOUL2021;Long;1;3795,25;3768,75;15/01/2021 1:00;15/01/2021 5:30;Enter Up Trend;Stop loss;-1.330,48;-1.610,96;6;1.325,00;25;1.355,48;10;
139;ES 12-21;Backtest;BOUL2021;Long;1;3754,75;3755,00;18/01/2021 1:00;18/01/2021 10:00;Enter Down Trend;Exit Down Trend;7,02;-1.603,94;6;300;162,5;155,48;19;
139;ES 12-21;Backtest;BOUL2021;Long;1;3717,75;3711,00;28/01/2021 1:00;28/01/2021 10:00;Enter Down Trend;Exit Down Trend;-342,98;-1.946,92;6;550;1.612,50;1.955,48;19;
139;ES 12-21;Backtest;BOUL2021;Long;1;3688,50;3739,75;01/02/2021 1:00;01/02/2021 10:00;Enter Down Trend;Exit Down Trend;2.557,02;610,1;6;562,5;2.762,50;205,48;19;
139;ES 12-21;Backtest;BOUL2021;Long;1;3901,25;3908,00;11/02/2021 1:00;11/02/2021 15:30;Enter Up Trend;Exit Up Trend;332,02;942,12;6;312,5;962,5;630,48;30;
139;ES 12-21;Backtest;BOUL2021;Long;1;3918,00;3914,25;17/02/2021 1:00;17/02/2021 15:30;Enter Up Trend;Exit Up Trend;-192,98;749,14;6;1.075,00;712,5;905,48;30;
139;ES 12-21;Backtest;BOUL2021;Long;1;3906,00;3923,50;19/02/2021 1:00;19/02/2021 15:30;Enter Up Trend;Exit Up Trend;869,52;1.618,66;6;787,5;1.250,00;380,48;30;
139;ES 12-21;Backtest;BOUL2021;Long;1;3874,75;3847,75;23/02/2021 1:00;23/02/2021 10:30;Enter Up Trend;Stop loss;-1.355,48;263,18;6;1.350,00;1.062,50;2.417,98;20;
139;ES 12-21;Backtest;BOUL2021;Long;1;3807,50;3835,25;26/02/2021 1:00;26/02/2021 10:00;Enter Down Trend;Exit Down Trend;1.382,02;1.645,20;6;300;2.000,00;617,98;19;
139;ES 12-21;Backtest;BOUL2021;Long;1;3878,00;3850,75;03/03/2021 1:00;03/03/2021 15:00;Enter Up Trend;Stop loss;-1.367,98;277,22;6;1.362,50;1.000,00;2.367,98;29;
139;ES 12-21;Backtest;BOUL2021;Long;1;3804,50;3800,00;04/03/2021 1:00;04/03/2021 10:00;Enter Down Trend;Exit Down Trend;-230,48;46,74;6;1.350,00;712,5;942,98;19;
139;ES 12-21;Backtest;BOUL2021;Long;1;3835,50;3856,25;09/03/2021 1:00;09/03/2021 10:00;Enter Down Trend;Exit Down Trend;1.032,02;1.078,76;6;462,5;1.387,50;355,48;19;
139;ES 12-21;Backtest;BOUL2021;Long;1;3911,75;3884,25;19/03/2021;19/03/2021 14:00;Enter Up Trend;Stop loss;-1.380,48;-301,72;6;1.375,00;587,5;1.967,98;29;
139;ES 12-21;Backtest;BOUL2021;Long;1;3898,50;3926,00;24/03/2021;24/03/2021 15:30;Enter Up Trend;Exit Up Trend;1.369,52;1.067,80;6;312,5;1.462,50;92,98;32;
139;ES 12-21;Backtest;BOUL2021;Long;1;3885,75;3858,50;25/03/2021;25/03/2021 14:00;Enter Up Trend;Stop loss;-1.367,98;-300,18;6;1.362,50;500;1.867,98;29;
139;ES 12-21;Backtest;BOUL2021;Long;1;3952,50;3972,00;31/03/2021 1:00;31/03/2021 15:30;Enter Up Trend;Exit Up Trend;969,52;669,34;6;550;1.050,00;80,48;30;
139;ES 12-21;Backtest;BOUL2021;Long;1;4133,25;4163,75;23/04/2021 1:00;23/04/2021 15:30;Enter Up Trend;Exit Up Trend;1.519,52;2.188,86;6;287,5;1.562,50;42,98;30;
139;ES 12-21;Backtest;BOUL2021;Long;1;4180,00;4184,00;28/04/2021 1:00;28/04/2021 15:30;Enter Up Trend;Exit Up Trend;194,52;2.383,38;6;212,5;412,5;217,98;30;
139;ES 12-21;Backtest;BOUL2021;Long;1;4177,25;4148,00;04/05/2021 1:00;04/05/2021 14:00;Enter Up Trend;Stop loss;-1.467,98;915,4;6;1.462,50;362,5;1.830,48;27;
139;ES 12-21;Backtest;BOUL2021;Long;1;4179,00;4149,75;11/05/2021 1:00;11/05/2021 2:30;Enter Up Trend;Stop loss;-1.467,98;-552,58;6;1.462,50;37,5;1.505,48;4;
139;ES 12-21;Backtest;BOUL2021;Long;1;4068,25;4047,75;13/05/2021 1:00;13/05/2021 10:00;Enter Down Trend;Exit Down Trend;-1.030,48;-1.583,06;6;1.950,00;450;1.480,48;19;
139;ES 12-21;Backtest;BOUL2021;Long;1;4115,50;4086,75;19/05/2021 1:00;19/05/2021 9:00;Enter Up Trend;Stop loss;-1.442,98;-3.026,04;6;1.437,50;312,5;1.755,48;17;
139;ES 12-21;Backtest;BOUL2021;Long;1;4207,75;4193,75;31/05/2021 1:00;31/05/2021 15:30;Enter Up Trend;Exit Up Trend;-705,48;-3.731,52;6;775;75;780,48;30;
139;ES 12-21;Backtest;BOUL2021;Long;1;4180,75;4220,00;04/06/2021 1:00;04/06/2021 15:30;Enter Up Trend;Exit Up Trend;1.957,02;-1.774,50;6;187,5;2.025,00;67,98;30;
139;ES 12-21;Backtest;BOUL2021;Long;1;4213,75;4217,75;10/06/2021 1:00;10/06/2021 15:30;Enter Up Trend;Exit Up Trend;194,52;-1.579,98;6;825;1.287,50;1.092,98;30;
139;ES 12-21;Backtest;BOUL2021;Long;1;4238,00;4234,75;16/06/2021 1:00;16/06/2021 15:30;Enter Up Trend;Exit Up Trend;-167,98;-1.747,96;6;325;175;342,98;30;
139;ES 12-21;Backtest;BOUL2021;Long;1;4187,00;4211,00;17/06/2021 1:00;17/06/2021 15:30;Enter Up Trend;Exit Up Trend;1.194,52;-553,44;6;12,5;1.737,50;542,98;30;
139;ES 12-21;Backtest;BOUL2021;Long;1;4146,00;4176,00;21/06/2021 1:00;21/06/2021 10:00;Enter Down Trend;Exit Down Trend;1.494,52;941,08;6;962,5;1.575,00;80,48;19;
139;ES 12-21;Backtest;BOUL2021;Long;1;4328,50;4332,00;07/07/2021 1:00;07/07/2021 15:30;Enter Up Trend;Exit Up Trend;169,52;1.110,60;6;412,5;950;780,48;30;
139;ES 12-21;Backtest;BOUL2021;Long;1;4359,50;4375,25;14/07/2021 1:00;14/07/2021 15:30;Enter Up Trend;Exit Up Trend;782,02;1.892,62;6;475;1.250,00;467,98;30;
139;ES 12-21;Backtest;BOUL2021;Long;1;4346,75;4343,00;16/07/2021 1:00;16/07/2021 15:30;Enter Up Trend;Exit Up Trend;-192,98;1.699,64;6;512,5;1.062,50;1.255,48;30;
139;ES 12-21;Backtest;BOUL2021;Long;1;4307,50;4277,25;19/07/2021 1:00;19/07/2021 11:30;Enter Up Trend;Stop loss;-1.517,98;181,66;6;1.512,50;37,5;1.555,48;22;
139;ES 12-21;Backtest;BOUL2021;Long;1;4388,50;4419,25;29/07/2021 1:00;29/07/2021 15:30;Enter Up Trend;Exit Up Trend;1.532,02;1.713,68;6;400;1.562,50;30,48;30;
139;ES 12-21;Backtest;BOUL2021;Long;1;4386,50;4390,50;30/07/2021 1:00;30/07/2021 15:30;Enter Up Trend;Exit Up Trend;194,52;1.908,20;6;787,5;925;730,48;30;
139;ES 12-21;Backtest;BOUL2021;Long;1;4391,75;4378,75;03/08/2021 1:00;03/08/2021 15:30;Enter Up Trend;Exit Up Trend;-655,48;1.252,72;6;1.325,00;275;930,48;30;
139;ES 12-21;Backtest;BOUL2021;Long;1;4414,50;4422,25;09/08/2021 1:00;09/08/2021 15:30;Enter Up Trend;Exit Up Trend;382,02;1.634,74;6;12,5;875;492,98;30;
139;ES 12-21;Backtest;BOUL2021;Long;1;4436,25;4441,50;18/08/2021 1:00;18/08/2021 15:30;Enter Up Trend;Exit Up Trend;257,02;1.891,76;6;300;675;417,98;30;
139;ES 12-21;Backtest;BOUL2021;Long;1;4395,00;4364,25;19/08/2021 1:00;19/08/2021 7:00;Enter Up Trend;Stop loss;-1.542,98;348,78;6;1.537,50;225;1.767,98;13;
139;ES 12-21;Backtest;BOUL2021;Long;1;4462,75;4500,00;27/08/2021 1:00;27/08/2021 15:30;Enter Up Trend;Exit Up Trend;1.857,02;2.205,80;6;25;1.975,00;117,98;30;
139;ES 12-21;Backtest;BOUL2021;Long;1;4519,25;4538,25;02/09/2021 1:00;02/09/2021 15:30;Enter Up Trend;Exit Up Trend;944,52;3.150,32;6;162,5;1.237,50;292,98;30;
139;ES 12-21;Backtest;BOUL2021;Long;1;4525,75;4546,75;06/09/2021 1:00;06/09/2021 15:30;Enter Up Trend;Exit Up Trend;1.044,52;4.194,84;6;100;1.112,50;67,98;30;
139;ES 12-21;Backtest;BOUL2021;Long;1;4518,50;4497,75;08/09/2021 1:00;08/09/2021 15:30;Enter Up Trend;Exit Up Trend;-1.042,98;3.151,86;6;1.325,00;312,5;1.355,48;30;
139;ES 12-21;Backtest;BOUL2021;Long;1;4499,00;4513,00;09/09/2021 1:00;09/09/2021 15:30;Enter Up Trend;Exit Up Trend;694,52;3.846,38;6;1.137,50;1.037,50;342,98;30;
139;ES 12-21;Backtest;BOUL2021;Long;1;4486,25;4476,00;10/09/2021 1:00;10/09/2021 15:30;Enter Up Trend;Exit Up Trend;-517,98;3.328,40;6;912,5;1.150,00;1.667,98;30;
139;ES 12-21;Backtest;BOUL2021;Long;1;4458,50;4460,75;13/09/2021 1:00;13/09/2021 15:30;Enter Up Trend;Exit Up Trend;107,02;3.435,42;6;600;1.250,00;1.142,98;30;
139;ES 12-21;Backtest;BOUL2021;Long;1;4456,50;4430,50;17/09/2021 1:00;17/09/2021 15:30;Enter Up Trend;Exit Up Trend;-1.305,48;2.129,94;6;1.550,00;800;2.105,48;30;
139;ES 12-21;Backtest;BOUL2021;Long;1;4417,50;4369,00;20/09/2021 1:00;20/09/2021 8:30;Enter Down Trend;Stop loss;-2.430,48;-300,54;6;2.425,00;0;2.430,48;16;
139;ES 12-21;Backtest;BOUL2021;Long;1;4329,00;4366,00;22/09/2021 1:00;22/09/2021 10:00;Enter Down Trend;Exit Down Trend;1.844,52;1.543,98;6;287,5;2.200,00;355,48;19;
139;ES 12-21;Backtest;BOUL2021;Long;1;4426,75;4406,75;28/09/2021 1:00;28/09/2021 10:00;Enter Down Trend;Exit Down Trend;-1.005,48;538,5;6;1.537,50;762,5;1.767,98;19;
139;ES 12-21;Backtest;BOUL2021;Long;1;4362,75;4372,25;29/09/2021 1:00;29/09/2021 10:00;Enter Down Trend;Exit Down Trend;469,52;1.008,02;6;775;800;330,48;19;
139;ES 12-21;Backtest;BOUL2021;Long;1;4308,75;4261,25;01/10/2021 1:00;01/10/2021 7:00;Enter Down Trend;Stop loss;-2.380,48;-1.372,46;6;2.375,00;87,5;2.467,98;13;
139;ES 12-21;Backtest;BOUL2021;Long;1;4287,50;4307,75;05/10/2021 1:00;05/10/2021 10:00;Enter Down Trend;Exit Down Trend;1.007,02;-365,44;6;925;1.112,50;105,48;19;
139;ES 12-21;Backtest;BOUL2021;Long;1;4363,00;4369,50;11/10/2021 1:00;11/10/2021 10:00;Enter Down Trend;Exit Down Trend;319,52;-45,92;6;37,5;1.000,00;680,48;19;
139;ES 12-21;Backtest;BOUL2021;Long;1;4336,75;4353,75;12/10/2021 1:00;12/10/2021 10:00;Enter Down Trend;Exit Down Trend;844,52;798,6;6;975;975;130,48;19;
139;ES 12-21;Backtest;BOUL2021;Long;1;4334,00;4349,50;13/10/2021 1:00;13/10/2021 10:00;Enter Down Trend;Exit Down Trend;769,52;1.568,12;6;537,5;987,5;217,98;19;
139;ES 12-21;Backtest;BOUL2021;Long;1;4552,50;4579,50;28/10/2021 1:00;28/10/2021 15:30;Enter Up Trend;Exit Up Trend;1.344,52;2.912,64;6;362,5;1.612,50;267,98;30;
139;ES 12-21;Backtest;BOUL2021;Long;1;4671,25;4675,75;10/11/2021 1:00;10/11/2021 15:30;Enter Up Trend;Exit Up Trend;219,52;3.132,16;6;725;450;230,48;30;
139;ES 12-21;Backtest;BOUL2021;Long;1;4648,50;4646,50;11/11/2021 1:00;11/11/2021 6:00;Enter Up Trend;Exit on session close;-105,48;3.026,68;6;400;275;380,48;11;
